Period,Name of the painting,Fractal dimension,Entropy,Birkhoff measure,Euclidean distance
African Period,A driade (Nude in the forest),1.6722,7.6362,203.8259,368.4079
African Period,A girl from Avignon,1.8574,7.2683,92.7056,730.0777
African Period,Bather,1.8445,7.2876,129.8782,572.6089
African Period,Bathers in the forest,1.8627,7.7488,65.6404,260.8502
African Period,Bathing,1.7454,7.5101,241.6897,353.1183
African Period,Bread and dish with fruits on the table,1.7168,7.7903,137.5046,455.8207
African Period,Bust of nude woman,1.8458,7.7906,1209.8755,986.8994
African Period,Bust of woman with flowers,1.6319,7.5091,322.4900,315.8941
African Period,Bust of woman,1.8862,6.9955,205.7742,431.1454
African Period,Bust of woman_2,1.8615,7.5335,107.6974,490.8807
African Period,Bust of young woman from Avignon,1.7525,7.4186,369.5354,306.3035
African Period,Carnival at the bistro,1.8859,7.3574,52.8003,311.8601
African Period,Composition with skull (study),1.7748,7.8052,172.9692,531.8868
African Period,Composition with skull,1.7136,7.6886,229.5783,414.4872
African Period,Dance of the Veils,1.7649,7.7182,502.8534,360.3231
African Period,Exotic Flowers,1.6008,7.3173,170.7727,328.2395
African Period,Farm woman,1.7138,7.5821,242.5739,382.0537
African Period,Farm woman_1,1.4333,6.7986,197.4032,159.2771
African Period,Female bust,1.7646,7.6366,204.8179,490.9708
African Period,Female nude (study),1.8676,7.2438,66.2530,405.0353
African Period,Female nude in profile,1.8235,7.5666,107.2395,454.3221
African Period,Female nude with her arms raised,1.8188,7.0198,36.2228,343.9774
African Period,Female nude,1.5798,7.1815,304.0464,337.3093
African Period,Flowers in a Grey Jar,1.4600,6.7993,170.7185,214.5857
African Period,Flowers on the table,1.7158,7.4671,138.2772,427.0691
African Period,Friendship,1.7314,7.7178,217.0432,397.8657
African Period,Glass and fruits,1.4363,7.0071,270.1670,194.9658
African Period,Green Pan and Black Bottle,1.4844,6.8464,314.1283,224.0657
African Period,Harlequin's family_2,1.8109,7.5304,145.2965,354.7534
African Period,Head of a man,1.8345,7.3950,131.9587,451.6823
African Period,Head of a man_1,1.6472,7.4584,273.6182,314.9035
African Period,Head of a man_2,1.4968,7.1156,426.9019,242.9038
African Period,Head of a man_3,1.5943,7.1693,416.9102,272.0130
African Period,Head of woman_1,1.9168,6.8824,70.5342,319.4268
African Period,Head of woman_2,1.7366,7.3772,409.6030,333.1503
African Period,Head,1.7363,7.4889,265.2602,348.6833
African Period,House in a Garden,1.5418,6.8747,106.0965,243.8915
African Period,Jug and fruit dish,1.5895,7.0649,45.2089,163.0750
African Period,Marin and student,1.8825,5.5490,21.6860,311.0987
African Period,Nude (Bust),1.8497,7.3561,129.3709,438.5278
African Period,Nude with Drapery (Study for The great dancer),1.8137,7.4395,89.8760,481.7117
African Period,Nude with her hands pressed to each other,1.9398,7.2569,582.3090,1263.1997
African Period,Nude with Raised Arms (The Avignon Dancer),1.6976,7.5342,157.6069,359.0797
African Period,Nude with raised arms,1.8997,7.6382,302.0098,494.9977
African Period,Nude with towel,1.6659,7.5185,130.7392,271.2472
African Period,Nude,1.7624,7.2515,116.2633,258.1505
African Period,Pitcher and Bowls,1.2836,6.6291,195.4550,139.8828
African Period,Portrait of Manuel Pallares,1.7817,7.7395,146.1917,517.3473
African Period,"Pot, Glass and Book",1.7120,7.5085,331.1281,420.9367
African Period,Queen Isabella,1.6387,7.2346,282.4235,353.1506
African Period,Reclining Nude,1.5533,6.8744,209.1900,227.8161
African Period,Reclining Nude_1,1.7685,7.6204,312.0970,368.5653
African Period,Seated female nude_2,1.8794,5.4475,23.7848,311.4080
African Period,Seated nude and standing nude,1.8787,6.6070,30.7931,284.5241
African Period,Seated nude and standing nude_1,1.7287,7.4125,344.4363,373.0192
African Period,Seated nude,1.9186,6.0849,134.9025,1303.9370
African Period,Seated nude_1,1.6527,7.2208,314.1474,434.8517
African Period,Seated woman_1,1.5885,7.3775,211.8749,305.1649
African Period,Seated woman_2,1.8123,7.5986,255.9276,518.5724
African Period,Self-Portrait_10,1.8559,7.8982,515.9747,444.5275
African Period,Self-Portrait_8,1.8151,7.5678,310.3231,444.0680
African Period,Self-Portrait_9,1.8480,7.6387,416.0279,1177.8314
African Period,Standing female nude_1,1.6933,7.5107,367.4011,364.8334
African Period,Standing nude,1.4942,6.1544,119.8053,197.2964
African Period,Still life with lemons,1.7930,7.9466,306.4127,507.5338
African Period,Still life,1.5778,7.1865,193.0933,292.0373
African Period,The girls of Avignon (study),1.8935,7.6954,62.9653,313.2302
African Period,The girls of Avignon (study)_1,1.8268,7.3267,61.9345,339.8118
African Period,The Great Odalisque (after Ingres),1.7542,7.8086,71.6739,416.7620
African Period,Three women (Rhythmical version),1.8392,7.8841,69.1356,226.5637
African Period,Three women,1.5867,7.1783,272.9099,345.0942
African Period,Two naked women,1.8218,7.7525,301.8935,488.9965
African Period,Woman with a Fan_1,1.7270,7.6686,186.2942,496.8315
African Period,Woman with mandolin,1.7620,7.4388,353.1972,415.0407
African Period,Woman with yellow shirt,1.7511,7.6509,345.0686,386.4788
Blue Period,A blue vase,1.2748,6.7449,145.4699,169.3901
Blue Period,A parody of Manet's Olympia with Junyer and Picasso,1.9192,6.3654,109.3235,640.1410
Blue Period,A red skirt,1.4782,7.0232,305.7727,266.8915
Blue Period,A simple meal,1.9438,6.6063,110.3761,953.3261
Blue Period,Advertisement for 'Lecitina Agell',1.9220,6.1348,34.7390,228.7824
Blue Period,Angel Fernandez de Soto and his Friend,1.8740,7.5182,47.2326,489.1136
Blue Period,Angel Fernandez de Soto with woman,1.8531,6.2547,49.6389,719.1930
Blue Period,Ascet,1.7724,7.4714,954.3377,606.5213
Blue Period,Blind man and girl,1.9341,6.2011,158.2161,700.5513
Blue Period,Blue Nude,1.8021,7.7777,254.2614,250.6019
Blue Period,Boy with a Dog,1.9432,7.6456,678.7926,1135.7518
Blue Period,Breakfast of a Blind Man,1.5022,6.6942,537.2355,523.8767
Blue Period,Celestina,1.9027,6.9201,464.4984,472.8829
Blue Period,Celestina_1,1.3580,6.3300,81.9582,209.7528
Blue Period,Child with dove,1.8403,7.6692,428.2505,890.1073
Blue Period,Crossind Seine on the upper deck,1.7901,7.7420,557.6035,740.7816
Blue Period,Crouching beggar,1.7852,7.6958,130.1498,257.2383
Blue Period,Crouching woman,1.8381,7.6683,1307.2138,653.1477
Blue Period,Dawn at Riera de Sant Joan,1.6771,7.2969,156.9143,319.5338
Blue Period,Dinner time (Evocation of Horta d'Ebre),1.9479,7.0083,239.5971,835.6662
Blue Period,Drunk woman is tired,1.7211,7.4818,169.7695,296.2593
Blue Period,Evocation (The Burial of Casagemas),1.7974,7.8351,883.9106,843.1709
Blue Period,Female Head,1.6783,7.2850,415.6218,355.6083
Blue Period,Group of poor people,1.8947,6.9749,71.3537,313.7455
Blue Period,Harlequin leaning,1.6898,7.6594,243.5105,408.4476
Blue Period,Head of dead woman,1.7716,7.5759,167.9453,316.1950
Blue Period,Le gourmet,1.7312,7.6808,111.7373,251.5219
Blue Period,Life,1.8251,7.5869,1032.6136,1019.5676
Blue Period,Madonna with Garland,1.5848,6.7252,126.4116,256.6477
Blue Period,Man and woman in café (study),1.8965,7.0079,96.3573,379.0323
Blue Period,Man and woman in café,1.6853,7.5302,279.1090,373.2336
Blue Period,Man and woman with child in café,1.8276,7.6155,181.3558,537.6205
Blue Period,Man and Woman,1.8595,7.0203,73.0294,354.2051
Blue Period,Man in blue,1.5734,7.2741,424.5743,343.8469
Blue Period,Melancholy woman,1.6394,7.0417,615.2348,732.8671
Blue Period,Mother and child on the beach,1.8431,7.3905,1140.6886,933.0613
Blue Period,Mother and child on the beach_1,1.8857,7.8142,305.1279,366.4407
Blue Period,Mother and child,1.7565,7.5440,1051.5719,777.9494
Blue Period,Mother and son on the shore,1.7558,7.2834,387.4092,400.5441
Blue Period,Mother and son with handkerchief,1.6935,7.3871,182.2280,393.0547
Blue Period,Motherhood,1.7121,7.5277,209.1718,382.6329
Blue Period,Motherhood_1,1.7432,7.6598,133.0029,370.3142
Blue Period,Naked woman with dripping hair,1.8327,7.1460,235.9301,257.7122
Blue Period,Nana,1.7884,7.7905,1080.7680,809.8409
Blue Period,Nude with Picasso by her feet,1.8765,7.0236,72.1042,702.9038
Blue Period,Old blind man with boy,1.4067,6.6629,401.3929,274.1885
Blue Period,"Palace of Arts, Barcelona",1.4460,6.9693,288.9804,305.5274
Blue Period,Picasso and S. Junier-Vidal sitting near Celestina,1.9128,7.3307,139.9761,363.2379
Blue Period,Portrait of a tailor Soler,1.3008,5.8111,68.7788,90.1957
Blue Period,Portrait of Corina Romeu,1.8015,7.8489,188.6245,387.1986
Blue Period,Portrait of Jaime Sabartes (The bock),1.8821,7.8441,573.8367,918.9471
Blue Period,Portrait of Jaime Sabartes,1.6268,7.0856,232.3407,344.9703
Blue Period,Portrait of Jaime Sabartes_1,1.7428,7.4261,106.0244,405.9899
Blue Period,Portrait of Juli Gonzalez,1.8624,7.1130,151.7073,436.8675
Blue Period,Portrait of Mateu Fernandez de Soto,1.7686,7.5087,382.0600,388.2095
Blue Period,Portrait of Sebastia Junyer-Vidal,1.8415,7.6922,773.1229,721.8140
Blue Period,Portrait of Sebastià Junyent Sans,1.5834,7.1628,284.9349,302.4487
Blue Period,Portrait of seniora Soler (Girl in a chemise),1.7905,7.6296,1104.6306,844.5207
Blue Period,Portrait of Suzanne Bloch,1.7809,7.6711,1040.6579,589.8767
Blue Period,Portrait of the Artist,1.8873,6.8109,27.7161,619.6737
Blue Period,Profile of young dutchwoman,1.8904,6.1191,31.3563,460.0431
Blue Period,Public Garden,1.6951,7.4582,170.2145,299.5099
Blue Period,S. Junyer-Vidal with woman beside him,1.6852,7.5533,198.6627,396.8561
Blue Period,Scene in a cabaret,1.8594,7.7287,212.6402,493.0606
Blue Period,Seated female nude,1.8430,7.3752,159.1880,583.2291
Blue Period,Seated woman on a striped floor,1.7080,7.2850,109.1501,242.0445
Blue Period,Seated woman,1.8941,6.8455,50.2659,596.0548
Blue Period,Sebastia Junyer-Vidal as matador,1.8896,5.9696,34.9370,572.9312
Blue Period,Sebastia Junyer-Vidal as rhapsode,1.9426,6.9666,242.1041,563.3993
Blue Period,Self-Portrait_2,1.4053,6.6333,370.0972,487.0673
Blue Period,Seller of gul,1.7305,7.3956,605.6829,680.1806
Blue Period,Soler family,1.6279,7.4682,133.1903,367.6672
Blue Period,Standing young nude,1.7153,6.6373,321.3382,363.9449
Blue Period,Still life (The dessert),1.8130,7.8299,567.1380,748.7049
Blue Period,Study to Two sisters,1.8944,3.8174,38.8885,1279.5997
Blue Period,Summer landscape,1.8978,7.0238,510.4118,431.9582
Blue Period,The Absinthe Drinker (Portrait of Angel Fernandez de Soto),1.6382,6.5272,111.8604,299.0139
Blue Period,The Absinthe Drinker,1.9434,7.9682,1289.3460,986.8737
Blue Period,The absinthe drinker_1,1.6449,7.0417,461.7020,561.3089
Blue Period,The death of Casagemas,1.7539,7.5282,349.0671,379.1050
Blue Period,The death of Casagemas_1,1.8432,7.8477,661.0139,496.4524
Blue Period,The Embrace,1.8651,7.9148,1602.5289,1046.7194
Blue Period,The family of blind man,1.9281,7.4729,216.5744,561.2361
Blue Period,The Fortune,1.4978,6.9388,479.3062,271.4714
Blue Period,The Frugal Repast,1.7381,7.4986,339.6163,409.4196
Blue Period,The Greedy,1.8090,7.6477,583.1485,794.7829
Blue Period,The ironer,1.8666,7.8756,1202.4806,994.6142
Blue Period,The mother leading two children,1.8270,7.8897,395.9685,1089.4367
Blue Period,The old blind guitarist,1.6231,6.9440,223.1607,1450.1729
Blue Period,The roofs of Barcelona in the moonlight,1.7987,7.1712,253.4777,412.6595
Blue Period,The roofs of Barcelona,1.6744,7.4926,248.9411,385.9987
Blue Period,The room of the ironer,1.2426,6.0057,177.5355,146.5461
Blue Period,The soup,1.7865,7.4615,810.2675,692.1818
Blue Period,The suicide (Casagemas),1.8627,7.5704,216.6409,414.9111
Blue Period,The Tragedy,1.8585,7.7170,753.4029,1113.9496
Blue Period,The Visit  (The two sisters),1.6702,7.2362,339.0432,341.5521
Blue Period,The woman with the edge,1.7608,7.5030,112.4507,174.0056
Blue Period,Two acrobats (Harlequin and his companion),1.8602,7.8907,1168.9665,734.3715
Blue Period,Two friends,1.6691,7.3896,232.3842,324.9382
Blue Period,Two women sitting at a bar,1.7147,7.2325,994.6886,572.2206
Blue Period,Woman in a shawl,1.4681,7.1208,372.4438,323.5397
Blue Period,Woman in blue,1.5462,7.0179,450.4151,337.3900
Blue Period,Woman leaning ahead,1.8364,7.6370,162.9804,667.0355
Blue Period,Woman leaving the bath,1.7529,7.3185,138.8059,373.9571
Blue Period,Woman with a Fan,1.8536,7.4030,1094.0099,899.9573
Blue Period,Woman with chignon,1.6215,7.2525,62.6837,275.6518
Blue Period,Woman with cigarette,1.7222,7.6392,248.3437,387.3932
Blue Period,Woman with green stockings,1.9054,6.7414,69.2203,470.4121
Blue Period,Woman with her ​​hair in a small bun,1.8496,7.8835,593.1273,737.6836
Blue Period,Woman with raven,1.4784,6.8142,447.2859,264.3265
Blue Period,Woman with raven_1,1.6637,7.1992,384.5752,386.1066
Cubist Period,A glass of absinthe,1.5884,7.2609,121.1391,341.0113
Cubist Period,A glass,1.8467,7.2954,176.8333,626.7218
Cubist Period,Apple,1.7714,7.6125,39.1345,315.8553
Cubist Period,Artist's studio,1.9553,6.1058,83.8569,733.3051
Cubist Period,Au bon marche,1.7296,7.7270,119.9434,368.0522
Cubist Period,Barselona harlequin,1.7877,7.5347,174.6659,526.2487
Cubist Period,Bathers Drying Themselves,1.6011,7.2279,306.0124,272.8367
Cubist Period,Bathers,1.8501,7.6672,177.5372,600.4963
Cubist Period,"Bottle of bass, glass and package of tobacco",1.7401,7.4135,46.9297,380.0738
Cubist Period,Bottle of black rum (Vive la France),1.5276,6.9974,100.6310,122.4739
Cubist Period,"Bottle of Vieux Marc, Glass and Newspaper",1.8444,7.4343,115.9902,650.6626
Cubist Period,"Bottle of Vieux Marc, Glass, Guitar and Newspaper",1.8268,7.6630,140.5601,584.6998
Cubist Period,"Bottle, glass, violin",1.8601,6.7883,85.7958,715.0383
Cubist Period,Catalan Woman,1.9323,5.4248,44.6481,718.3043
Cubist Period,Clarinet and Violin,1.7867,7.6483,77.0355,266.6316
Cubist Period,"Clarinet, bottle of bass, newspaper, ace of clubs",1.8375,7.5886,153.2737,570.2672
Cubist Period,Clarinet,1.8182,7.3672,208.8350,554.0333
Cubist Period,Clarinetist,1.7162,7.5808,241.8961,377.1114
Cubist Period,Costume design for ballet Tricorne,1.9123,7.2566,64.6828,854.6391
Cubist Period,Costume design for ballet Tricorne_1,1.8739,7.4504,47.8152,750.0162
Cubist Period,Costume design for ballet Tricorne_2,1.9083,7.2109,143.6996,766.5860
Cubist Period,Costume design for ballet Tricorne_3,1.9194,7.3471,269.3873,825.6092
Cubist Period,Costume design for ballet Tricorne_4,1.9122,6.9090,35.4394,868.4551
Cubist Period,Costume design for ballet Tricorne_5,1.9003,7.5430,104.3581,805.0815
Cubist Period,Couple of dancers,1.7890,7.4986,168.6327,462.7366
Cubist Period,Cubist Person,1.7186,7.2819,146.6238,425.4700
Cubist Period,Curtain for the ballet Parade,1.7133,7.5002,135.0400,461.2032
Cubist Period,Dancer,1.8795,5.1413,16.5175,344.0551
Cubist Period,El Paseo de Colon,1.8798,7.7292,273.1215,507.5708
Cubist Period,Frauenkopf,1.7784,7.2875,31.1321,182.0342
Cubist Period,Fruit Bowl with Fruit,1.6100,7.2889,80.8319,295.2450
Cubist Period,Fruit dish,1.7907,7.8542,210.8609,471.9421
Cubist Period,Fruit dish_1,1.8086,7.7219,145.1134,547.5807
Cubist Period,Fruit in a Vase,1.7162,7.5819,151.2617,438.7938
Cubist Period,Fruit vase and bunch of grapes,1.6621,7.3221,176.0208,419.4165
Cubist Period,Girl with mandolin (Fanny Tellier),1.8150,7.5440,255.1157,520.5216
Cubist Period,Glass and bottle of  Bass,1.8575,7.6259,220.1001,674.5093
Cubist Period,Glass and bottle of straw rum,1.8230,7.8047,205.5021,455.1375
Cubist Period,Glass and Bottle of Suze,1.8443,7.2147,336.7658,535.7920
Cubist Period,Glass and newspaper,1.6415,7.6530,178.8582,269.0425
Cubist Period,Glass on a Table,1.9672,7.1250,142.0721,710.9416
Cubist Period,Glass,1.8210,6.0841,18.8857,272.1350
Cubist Period,Guitar (I love Eva),1.8120,7.5808,179.4062,481.6212
Cubist Period,Guitar and bottle,1.7423,7.6700,196.0320,493.7449
Cubist Period,Guitar and jug on a table,1.6662,7.2221,465.8081,314.3448
Cubist Period,Guitar and sheet of music,1.8115,7.4346,15.8709,265.0895
Cubist Period,Guitar and Violin,1.7869,7.6672,130.0504,281.5236
Cubist Period,Guitar player,1.7904,7.5602,238.8793,481.5936
Cubist Period,"Guitar, bottle, fruit dish and glass on the table",1.6091,7.4159,183.9938,331.0385
Cubist Period,"Guitar, Glass and Bottle of Vieux Marc",1.8608,7.5559,89.2021,485.0815
Cubist Period,"Guitar, Sheet music and Wine glass",1.8207,7.0969,250.7900,543.4878
Cubist Period,Guitar,1.7964,6.3175,35.5929,633.7505
Cubist Period,Guitar_4,1.8631,7.1369,114.9996,711.7322
Cubist Period,Gutted horse,1.7955,6.1333,137.1253,574.8135
Cubist Period,Harlequin and woman with necklace,1.6510,7.1373,91.1739,449.3787
Cubist Period,Harlequin leaning_1,1.7759,7.4428,92.6522,255.2144
Cubist Period,Harlequin with guitar,1.8710,7.7041,79.6097,263.9661
Cubist Period,Harlequin with guitar_1,1.8104,7.5412,425.6596,437.8031
Cubist Period,Harlequin,1.5589,6.7735,20.1840,313.4056
Cubist Period,Harlequinesque personage,1.8376,7.2462,200.7102,591.4813
Cubist Period,Harlequin_1,1.8091,7.8026,218.6617,514.2721
Cubist Period,Head of a man with hat,1.8875,6.3832,22.3829,598.1328
Cubist Period,Head of a man_4,1.8663,6.7182,42.4212,606.1292
Cubist Period,Head of a man_5,1.8393,7.5371,142.0518,535.2395
Cubist Period,Head of a Woman (Fernande),1.8043,7.4163,86.0055,325.7230
Cubist Period,Head_1,1.8544,6.9972,83.3237,369.3105
Cubist Period,House in the garden,1.7312,7.4143,400.7227,430.7877
Cubist Period,Houses on the hill,1.8924,7.1305,101.2608,532.8427
Cubist Period,Landscape with Posters,1.7956,7.6624,88.0313,276.5033
Cubist Period,Lovers_1,1.6060,7.4667,124.5384,346.4356
Cubist Period,Man with a guitar,1.7309,7.8755,153.8302,427.3337
Cubist Period,Man with guitar,1.8827,7.7452,224.9736,489.6115
Cubist Period,Man with guitar_1,1.8106,7.5715,137.2711,541.9698
Cubist Period,Man with pipe,1.7076,7.5542,89.3310,246.8610
Cubist Period,Mandolin,1.8361,7.3186,186.6410,587.2961
Cubist Period,Musical instruments,1.8178,7.0297,47.0363,330.8497
Cubist Period,My Pretty One (Woman with Guitar),1.7259,7.6188,303.6646,427.5119
Cubist Period,Nude figure,1.5918,7.3976,225.8843,336.4351
Cubist Period,Olga in a Mantilla,1.8623,7.0087,79.4113,826.0743
Cubist Period,Our Futures is in the Air,1.7557,7.7303,68.8768,224.5350
Cubist Period,"Partition, bottle of port, guitar, playing cards",1.7659,7.5619,62.4188,368.9024
Cubist Period,"Pedestal, glasses, cups, mandolin",1.8366,7.7635,68.0424,229.4669
Cubist Period,Pedestal,1.8567,7.5329,116.7763,603.7222
Cubist Period,Pierrot with a mask,1.7254,7.4511,152.5836,474.5350
Cubist Period,Pigeon_1,1.9237,6.2679,25.3060,462.6517
Cubist Period,Pipe and card,1.8006,6.0639,14.4732,362.6083
Cubist Period,Pipe and Musical Score (Pipe and Sheet Music),1.6799,7.2395,137.8817,277.1953
Cubist Period,Playing Card and Glass,1.9251,7.1251,230.8911,386.6207
Cubist Period,Poet,1.7927,7.7778,235.4372,509.2316
Cubist Period,Portrait of Ambroise Vollard,1.6575,7.5698,239.9819,357.9791
Cubist Period,Portrait of Daniel-Henry Kahnweiler,1.7396,7.4986,318.5423,425.5229
Cubist Period,Portrait of Diaghilev and Seligsberg,1.8834,2.7825,44.8159,675.0483
Cubist Period,Portrait of Fernande Olivier,1.8231,7.5269,165.1994,730.2578
Cubist Period,Portrait of Léonide Massine,1.9017,7.6954,160.1802,719.2676
Cubist Period,Portrait of Madame Patri,1.8687,5.7064,34.2103,785.8298
Cubist Period,Portrait of Pierre Auguste Renoir,1.8384,7.4392,205.4404,413.6929
Cubist Period,Portrait of Wilhelm Uhde,1.8064,7.4964,228.6207,506.4573
Cubist Period,Portrait of young girl,1.7076,7.4109,298.4635,442.3644
Cubist Period,Seated female nude_3,1.5633,7.1445,444.1490,314.3955
Cubist Period,Seated man with his arms crossed,1.9036,5.1810,26.8736,502.5844
Cubist Period,Seating nude,1.8897,2.8492,9.6383,635.6753
Cubist Period,Self-Portrait_11,1.8808,4.6765,14.8850,304.9321
Cubist Period,Seven ballerinas,1.9087,7.0022,154.4901,843.6291
Cubist Period,Seven ballerinas_1,1.9461,7.0639,117.2968,898.4160
Cubist Period,Souvenir from Havre,1.7430,7.0680,34.6992,582.9751
Cubist Period,Spanish Still life,1.7620,6.9814,50.1724,586.4907
Cubist Period,Spouses Sisley after the 'The Betrothed' by Auguste Renoir,1.8714,6.1690,101.8795,526.7132
Cubist Period,Still life in front of a window at Saint-Raphael,1.8268,7.7854,75.3942,501.8704
Cubist Period,Still life in front of a Window overlooking the Eglise St. Augustin,1.8278,7.6089,67.2660,477.4656
Cubist Period,Still life on the piano ('CORT'),1.7381,7.8356,163.3078,360.3778
Cubist Period,Still life with a Glass and an Apple,1.9018,7.3209,74.1319,598.8009
Cubist Period,Still life with bottle of  Anis del Mono,1.7964,7.6464,311.8489,462.0920
Cubist Period,Still life with bottle of rum,1.6800,7.3997,335.3318,353.7917
Cubist Period,Still Life with Caned Chair,1.7983,7.3508,135.0442,606.1984
Cubist Period,Still life with Gobleet,1.8116,7.4988,206.8683,419.7920
Cubist Period,Still life with Guitar,1.9139,6.9981,77.5817,636.5679
Cubist Period,Still life with pitcher and apples,1.8207,7.4688,167.9969,509.0762
Cubist Period,Still life with violin and fruits,1.8435,7.3954,100.7889,622.4373
Cubist Period,Still life_1,1.8244,5.6782,22.2788,729.9342
Cubist Period,Student with newspaper,1.9106,7.3325,156.5223,591.5671
Cubist Period,Student with pipe,1.8552,7.2939,109.0919,445.7786
Cubist Period,Table in a Cafe (Bottle of Pernod),1.7886,7.4945,276.3900,435.7851
Cubist Period,Table in front of window,1.8101,7.8082,130.7875,592.3432
Cubist Period,The aficionado (The torero),1.6484,7.4481,258.1221,327.9499
Cubist Period,The chess,1.8989,7.7973,85.0115,289.3681
Cubist Period,The girls of Avignon,1.8631,7.7216,156.8945,607.8706
Cubist Period,The good Derain,1.7672,7.4860,329.9916,392.5085
Cubist Period,The guitar,1.8292,7.5060,117.4564,536.7508
Cubist Period,The guitar_1,1.8143,7.2155,103.2280,506.0727
Cubist Period,The happy family,1.8197,7.7980,349.2832,514.9314
Cubist Period,The Italian woman with a flower,1.9066,4.8690,25.5925,2251.6660
Cubist Period,The Mandolinist,1.7524,7.6427,279.8636,394.8859
Cubist Period,The Piano Accordionist,1.8076,7.6445,150.8817,519.0661
Cubist Period,The pigeon pea,1.8038,7.8098,310.2014,488.8702
Cubist Period,"The Reservoir, Horta de Ebro",1.9003,7.0009,349.3527,1145.7794
Cubist Period,The shell Saint Jacques (Our future is in the air),1.7803,6.1366,80.1189,608.1396
Cubist Period,The student,1.6928,7.4139,232.2586,385.6958
Cubist Period,The table,1.8617,7.5053,148.6357,311.4555
Cubist Period,The Tavern,1.7791,7.2736,97.0273,396.0911
Cubist Period,Three dancers,1.9321,7.5278,292.2893,577.0163
Cubist Period,Tricorne (study),1.9762,6.4384,101.7481,855.3762
Cubist Period,Untitled_1,1.8757,7.6575,179.3448,484.8875
Cubist Period,"Violin, glass, pipe and inkwell",1.8144,7.2130,101.8550,625.9528
Cubist Period,Violin,1.8786,7.1664,106.5558,495.6906
Cubist Period,Violin_1,1.8569,6.8888,118.0584,729.8376
Cubist Period,Violin_2,1.8010,7.4402,215.1905,492.6395
Cubist Period,Woman and pears (Fernande),1.6179,7.4602,176.3055,360.5115
Cubist Period,Woman sitting in an armchair,1.6234,7.1278,227.0046,401.7238
Cubist Period,Woman with a Mandolin,1.8130,7.4060,363.7966,491.3874
Cubist Period,Woman with a shirt sitting in a chair,1.5150,7.2049,266.2005,267.8680
Cubist Period,Woman with guitar and piano,1.6575,7.5183,206.7687,335.2290
Cubist Period,Woman with guitar,1.6974,7.5254,260.2997,360.6161
Cubist Period,Woman with guitar_1,1.7852,7.5811,116.4372,441.7195
Cubist Period,Woman with spanish dress,1.8479,7.2916,141.7567,879.2677
Early Years,A blue room (A tub),1.8480,7.8319,630.7229,831.2868
Early Years,A spanish couple in front of inn,1.7408,7.3799,723.5743,585.2970
Early Years,Academical study,1.9008,7.6989,1470.4727,811.5139
Early Years,Advertisement for tavern Four cats,1.8967,7.3717,297.4299,1130.2577
Early Years,Antes,1.8776,7.8358,554.5159,709.6936
Early Years,Artist's mother,1.6236,7.3846,280.7633,327.1443
Early Years,Bullfight scene,1.7645,7.6403,294.8578,481.6166
Early Years,Bullfighters and bull waiting for the next move,1.8675,7.0774,50.5632,642.3987
Early Years,Bust of young man,1.3630,6.2252,205.3255,199.2078
Early Years,Couple walking,1.8325,7.3562,97.4332,301.0994
Early Years,Courtesan with necklace of gems,1.7978,7.5641,167.9228,459.6604
Early Years,Embrace,1.7998,7.5995,827.3136,782.7835
Early Years,Fairground,1.5551,7.3397,354.2058,375.1670
Early Years,Female nude from back,1.4426,6.9853,228.9536,237.5481
Early Years,First Communion,1.6413,7.4871,76.6628,384.0651
Early Years,Flower seller,1.8309,7.8897,252.7139,401.0525
Early Years,Gypsy in front of Musca,1.7134,7.5534,178.4177,418.6839
Early Years,Head of a child,1.6481,6.9930,230.0579,314.7679
Early Years,Head of a Man in El Greco style,1.6165,6.5702,337.4541,455.7258
Early Years,Head of woman,1.8111,7.6502,115.5937,534.6982
Early Years,House in the field,1.7474,7.2147,368.4481,421.2331
Early Years,Jeanne (Reclining nude),1.8445,7.6711,198.4788,604.7738
Early Years,La chata,1.7290,7.7544,362.8029,702.3744
Early Years,Lola,1.7175,7.4598,644.5133,704.4617
Early Years,Longchamp,1.8579,7.5045,176.5038,477.8674
Early Years,Lovers of the street,1.5502,7.2380,241.0721,302.6777
Early Years,Madrilenian (Head of young woman),1.7398,7.4996,164.7572,469.3553
Early Years,Mother and child behind the bouquet of flowers,1.6302,7.3316,297.4008,360.9323
Early Years,Moulin de la Galette,1.6575,7.0759,363.6301,574.9790
Early Years,Pablo Picasso and Sebastìa Junyer-Vidal arrives to Paris,1.9361,7.6759,1152.8482,1101.1171
Early Years,Pablo Picasso and Sebastìa Junyer-Vidal arrives to Paris_1,1.8729,7.0555,139.2779,963.9428
Early Years,Picador,1.8675,7.2953,96.3216,637.3438
Early Years,Picasso with partner,1.8656,7.5393,147.5213,522.3109
Early Years,Pierreuse with her hand on her shoulder,1.4939,7.1615,246.8849,277.3265
Early Years,Pierrot and Colombina,1.5392,7.0876,249.9631,312.7004
Early Years,Plaster male torso,1.8852,7.2343,81.9943,1066.9921
Early Years,Portrait of aunt Pepa,1.3187,5.6186,105.7186,152.5713
Early Years,Portrait of Bibi la Purée,1.8015,7.7982,182.8531,522.4531
Early Years,Portrait of Casagemas,1.7241,7.1514,1373.1081,513.8386
Early Years,Portrait of Gustave Coquiot,1.7061,7.3249,220.2664,419.3425
Early Years,Portrait of Gustave Coquiot_1,1.6992,6.7944,647.1654,551.3588
Early Years,Portrait of Josep Cardona,1.6945,7.3882,457.6185,757.6094
Early Years,Portrait of Petrus Manach,1.8968,7.5875,290.2539,972.6161
Early Years,Portrait of the Artist's Mother,1.8361,7.8652,926.9825,775.8675
Early Years,Profile of a young girl (Girl with red flower in her hair),1.8566,7.6430,131.1197,511.3948
Early Years,Quarries,1.7865,7.4571,354.1385,445.6405
Early Years,Sada Yacco,1.8540,7.4369,87.4791,528.8500
Early Years,Science and Charity,1.8336,7.7755,1197.6388,725.4433
Early Years,Seated woman in green,1.9184,7.2703,115.7608,533.5389
Early Years,Self-Portrait,1.7159,7.3229,1102.1563,586.9776
Early Years,Self-Portrait_1,1.8194,7.9466,446.9075,527.5119
Early Years,Self-Portrait_3,1.7190,7.4538,138.0925,461.5455
Early Years,Self-Portrait_4,1.7773,7.4476,944.8294,571.3051
Early Years,Self-Portrait_5,1.7517,7.6434,114.4920,398.7239
Early Years,Snackbar in the  open air,1.6295,7.4159,316.3297,388.2273
Early Years,Stuffed shirts,1.8248,7.8721,993.1543,666.8258
Early Years,The 'Divan Japonais',1.8858,7.5843,170.5780,467.9439
Early Years,The altarboy,1.6023,7.4535,70.7209,348.2774
Early Years,The barefoot girl,1.7552,7.4787,1051.4690,760.7596
Early Years,The brutal embrace,1.1804,6.7489,316.5803,299.7041
Early Years,The corrida,1.7510,7.5610,283.9774,513.1343
Early Years,The cries of virgins,1.8587,7.5076,127.2370,554.0388
Early Years,The Fourteenth of July,1.8343,7.8728,636.8689,790.4689
Early Years,The old fisherman,1.5973,7.4270,87.0591,370.2518
Early Years,The picador,1.9055,7.8658,1470.5447,779.9322
Early Years,The pool of Tuileries,1.8377,7.5341,93.7851,217.9070
Early Years,The Sun King,1.8337,7.3677,135.9897,394.1091
Early Years,View of Riera de Sant Joan from the window,1.5913,7.4089,364.7355,279.6742
Early Years,Woman at a Fountain,1.7774,7.6692,186.2705,499.3609
Early Years,Woman dressed in blue,1.8520,7.6300,212.3253,1034.3689
Early Years,Woman on the street,1.8332,7.5060,139.9326,296.4967
Early Years,Woman with blue hat,1.8718,7.2073,192.9130,562.3476
Early Years,Woman with cap,1.7897,7.6068,395.8596,572.0167
Early Years,Woman with Cat,1.7547,7.5196,186.3803,402.2214
Early Years,Woman with feathered hat,1.6309,7.2609,163.4907,309.4094
Early Years,Woman with hat,1.8707,7.5854,128.3918,557.5371
Early Years,Woman with jewelery,1.6206,7.3976,291.1412,353.0234
Early Years,Woman with necklace of gems,1.7499,7.6058,125.0372,525.1272
Early Years,Women in the loge,1.7084,7.5900,256.0308,358.5300
Later Years,Algerian women (Delacroix),1.7618,7.6859,180.4376,471.4661
Later Years,Algerian women,1.7317,7.7655,114.8112,213.8703
Later Years,An artist,1.8010,7.8172,182.3364,379.9913
Later Years,An artist_1,1.9212,7.1354,62.1217,557.5238
Later Years,Armchair 'California',1.8760,7.7554,134.4815,541.1372
Later Years,Bearded man,1.8423,7.5865,129.2578,436.5373
Later Years,Big heads,1.8182,7.8356,232.0933,528.8954
Later Years,Bobo (Velazquez-Murillo),1.7518,7.4643,116.5802,182.5533
Later Years,Breakfast,1.7302,7.7845,113.0871,361.2090
Later Years,Buffet Henry II and armchair with dog,1.7562,7.5660,235.5880,415.8101
Later Years,Bullfighting Scene (The picador raised),1.7352,7.3261,91.2965,418.7213
Later Years,Bullfighting Scene (The torero is raised),1.6891,7.5279,133.8541,319.4258
Later Years,Bust of Woman with Yellow Ribbon (Jacqueline),1.6772,5.6662,39.3061,166.2789
Later Years,Bust of woman_7,1.8912,7.5849,99.8107,563.2126
Later Years,Bust of woman_8,1.8435,7.5782,147.0177,478.9038
Later Years,Child playing in camomilles,1.8548,7.7009,252.5212,429.5557
Later Years,Claude and Paloma playing,1.7300,7.7043,131.5467,192.4653
Later Years,Crouching female nude,1.6977,7.4159,192.6386,353.3373
Later Years,Crouching female nude_1,1.8386,7.5657,156.2226,488.7894
Later Years,Crouching man,1.9214,6.9411,76.0794,621.7275
Later Years,Danae,1.8152,7.4500,76.0538,326.4200
Later Years,Dance of Fauns,1.8627,7.3077,82.6961,367.5217
Later Years,Dancer_1,1.8957,2.5723,26.3376,974.7892
Later Years,Don Quixote,1.8881,3.0707,28.8477,479.0351
Later Years,Dora Maar with Cat,1.7814,7.6396,55.7165,1640.9936
Later Years,Drawing nude seated in armchair,1.9197,7.3163,111.9192,670.2356
Later Years,Drawing woman surrounded by her children,1.8301,7.8366,201.5807,442.2303
Later Years,Embrace_1,1.8859,7.7386,149.5011,531.2944
Later Years,Family,1.8911,7.8851,190.8968,536.0202
Later Years,Female nude near the garden,1.7697,7.4852,144.0195,322.6439
Later Years,Female nude sitting in the armchair,1.9241,7.5514,122.4140,618.7392
Later Years,Female nude with man's head,1.9513,7.2503,140.4990,697.3565
Later Years,Fish chowder,1.9137,7.7992,169.7288,424.9225
Later Years,Francoise Gilot with Paloma and Claude,1.7862,7.7456,62.1012,237.0511
Later Years,Girl in chair,1.7235,7.8852,168.9499,457.3458
Later Years,Head of a Girl_1,1.8837,5.5280,33.0427,227.1871
Later Years,Head of a man with straw hat,1.8462,7.7421,161.7348,500.0109
Later Years,Interior with girl drawing,1.8058,7.8452,172.4442,548.6233
Later Years,Jacqueline at the studio,1.8119,7.8508,176.3782,482.7683
Later Years,Jacqueline in turkish costume,1.9062,7.3833,126.6973,664.8486
Later Years,Jacqueline sitting with her cat,1.8734,7.6506,145.2896,514.8662
Later Years,Jacqueline with flowers,1.6138,6.9666,77.9619,396.2127
Later Years,Jug with handle,1.8446,7.6635,177.5038,445.9423
Later Years,Las Meninas (Velazquez),1.7437,7.6799,165.6076,489.1783
Later Years,Las Meninas (Velazquez)_1,1.6631,7.4332,144.6480,362.4513
Later Years,Las Meninas (Velazquez)_2,1.7078,7.0548,60.9546,497.2308
Later Years,Las Meninas (Velazquez)_3,1.8347,7.7115,160.3326,675.7408
Later Years,Las Meninas (Velazquez)_4,1.7335,7.8527,240.8625,449.8653
Later Years,Las Meninas (Velazquez)_5,1.7807,7.3027,109.4371,482.9453
Later Years,Las Meninas (Velazquez)_6,1.6942,7.6251,201.6984,430.6890
Later Years,Luncheon on the grass,1.6268,7.5385,288.2675,341.6379
Later Years,Lying female nude playing  with cat,1.8050,7.5597,54.6208,315.4882
Later Years,Lying female nude playing  with cat_1,1.7256,7.7765,92.3048,250.9006
Later Years,Lying female nude under the pine tree,1.7267,7.4550,105.6759,236.1845
Later Years,Lying female nude with cat,1.6917,7.4707,118.0961,212.3383
Later Years,Lying female nude_3,1.7729,7.6254,95.0955,254.4617
Later Years,Lying female nude_4,1.7365,7.7169,120.4633,236.9535
Later Years,Lying female nude_5,1.7792,7.6392,129.8255,245.9017
Later Years,Lying naked woman (The Voyeurs),1.7222,7.7762,81.0523,383.7043
Later Years,Lying naked woman,1.7604,7.8279,90.0549,422.7980
Later Years,Lying naked woman_1,1.8073,7.6898,94.0227,462.7739
Later Years,Man and woman on the beach,1.7823,7.6009,62.9513,386.4221
Later Years,Man and Woman_2,1.9264,7.5481,125.5431,616.3059
Later Years,Man and Woman_3,1.9185,7.5419,158.4188,643.5027
Later Years,"Man with lamb, man eating watermelon and flutist",1.8799,6.5377,99.2962,832.9863
Later Years,Man with pipe_1,1.8399,7.6377,132.3623,610.0476
Later Years,Maria Agustina Sarmiento (Velazquez),1.8224,7.5884,247.9436,406.4910
Later Years,Matador and female nude,1.5748,7.1766,108.7322,133.3000
Later Years,Matador,1.8233,7.7674,268.3300,417.1951
Later Years,Mediterranean Landscape,1.7692,7.6012,171.8081,264.5326
Later Years,Mother and child_7,1.8767,5.7160,34.5900,681.3508
Later Years,Musketeer with pipe,1.8136,7.8966,178.9922,548.7408
Later Years,Musketeer,1.9154,7.7668,155.9641,594.8641
Later Years,Naked man and woman,1.9006,7.8087,194.6349,567.3526
Later Years,Naked woman and musketeer,1.8867,7.8523,237.5530,541.1222
Later Years,Naked woman in rocking chair,1.8391,7.5330,120.1468,469.9773
Later Years,Naked woman on the beach and shovel,1.8444,7.7342,203.1478,519.5480
Later Years,Nude gathering flowers,1.8491,7.3824,56.1507,518.7372
Later Years,Nude woman with turkish bonnet,1.9032,7.6477,162.5563,597.9047
Later Years,Painter and his model_2,1.7020,7.6313,125.3484,351.2275
Later Years,Painter and his model_3,1.6188,7.5405,150.2090,285.4608
Later Years,Painter and his model_4,1.7526,7.5816,238.7409,471.3761
Later Years,Painter and his palette,1.8236,5.9036,18.6311,668.3990
Later Years,Paternity,1.8814,7.7641,207.8717,555.2205
Later Years,Picador on the horseback on arena,1.8835,5.4680,60.4830,588.6670
Later Years,Plat ovale,1.8359,7.7363,232.3402,452.1426
Later Years,Portrait of child,1.8465,6.6634,51.6405,645.0747
Later Years,Portrait of Jacqueline Roque with her hands crossed,1.7732,7.8482,129.3904,515.8681
Later Years,Portrait of Jacqueline,1.8569,7.5673,37.4123,508.2853
Later Years,Portrait of Sylvette David in green chair,1.8229,7.5885,108.5881,601.9840
Later Years,Portrait of Sylvette David,1.7975,7.6202,90.6530,595.3519
Later Years,Portrait of Sylvette David_1,1.8394,7.8234,386.2599,560.9135
Later Years,Portrait of Sylvette David_2,1.8461,7.6604,259.8026,640.3014
Later Years,Portrait of Sylvette David_3,1.7340,7.6390,98.6194,507.0438
Later Years,Reclining Nude with wreath,1.8956,7.7468,137.1828,547.5697
Later Years,Reclining woman reading,1.7350,7.5606,199.6898,435.1319
Later Years,Reclining woman_3,1.7988,7.7271,223.7797,455.1466
Later Years,Seated female nude_6,1.8596,7.5691,82.4563,574.2713
Later Years,Seated man (Self-portrait),1.8554,7.3393,156.8059,716.9671
Later Years,Seated man playing flute,1.9303,7.5246,122.9694,639.5473
Later Years,Seated old man,1.8135,7.7147,258.9097,546.6210
Later Years,Seated woman (Jacqueline),1.7604,7.7311,93.5698,353.3881
Later Years,Seated Woman with Red Hat,1.7350,7.7676,93.8724,236.0113
Later Years,Seated woman_11,1.6052,7.4261,60.7042,266.2672
Later Years,Seated woman_12,1.8958,7.4483,105.0937,482.3037
Later Years,Seated woman_13,1.9160,7.5663,69.2496,595.5493
Later Years,Smoke over Vallauris,1.7145,7.5137,150.6322,286.8697
Later Years,Spring,1.8020,7.7040,141.6625,434.9671
Later Years,Standing female nude and man with pipe,1.7038,7.7432,185.7727,475.8202
Later Years,Still life on the dresser,1.7372,7.6667,68.8744,418.6619
Later Years,Still life with cat and lobster,1.8419,7.8663,235.2038,489.1772
Later Years,Studio (Pigeons perch),1.7743,7.6563,172.4460,425.6625
Later Years,Studio (Pigeons) (Velazquez),1.8241,7.7541,235.8380,441.6569
Later Years,Studio (Pigeons) (Velazquez)_1,1.7942,7.6653,278.9057,392.4676
Later Years,Studio (Pigeons) (Velazquez)_2,1.8317,7.8349,272.8756,479.1659
Later Years,Studio (Pigeons) (Velazquez)_3,1.8216,7.8569,245.2128,438.6171
Later Years,Studio of 'California in Cannes,1.7548,7.5381,166.5281,408.5414
Later Years,The Abduction of Sabines,1.8766,7.6922,156.6855,340.0065
Later Years,The Abduction of Sabines_1,1.7819,7.6211,205.3966,377.1992
Later Years,The Abduction of Sabines_2,1.7610,7.3891,156.6015,455.5977
Later Years,The Aubade,1.8375,7.7688,234.4381,549.6991
Later Years,The beach in Garoupe,1.7728,7.5532,134.2631,435.4657
Later Years,The beach in Garoupe_1,1.7744,7.4912,78.5987,448.1844
Later Years,The dining room of Vauvenargues,1.7384,7.7716,155.5906,459.0068
Later Years,The eight names of Picasso,1.9308,2.8959,30.7966,837.7235
Later Years,The Italian woman,1.8199,7.3658,275.2746,1636.1632
Later Years,The Luncheon on the Grass,1.8228,7.7151,522.1991,393.3481
Later Years,The Luncheon on the Grass_1,1.6505,7.1427,59.2993,186.5819
Later Years,The Man with a Pipe,1.7994,7.8158,272.2288,532.2405
Later Years,The piano  (Velazquez),1.7288,7.5467,156.4241,415.1468
Later Years,The shadow,1.8229,7.6498,113.6777,458.1936
Later Years,Two seated women,1.8174,7.4971,49.5559,245.4676
Later Years,Two women on the beach,1.8257,7.5737,59.9470,459.8021
Later Years,Two women on the beach_1,1.8826,7.7648,149.1786,521.6038
Later Years,Untitled_41,1.9418,7.1617,113.0534,725.1429
Later Years,Untitled_42,1.9035,7.6250,235.7543,580.1198
Later Years,Untitled_43,1.7484,7.6053,286.2586,360.9835
Later Years,Untitled_44,1.8440,7.5820,351.5455,434.2817
Later Years,Untitled_45,1.9172,7.1605,321.0714,289.2851
Later Years,Untitled_46,1.8630,5.1384,47.2450,851.9028
Later Years,Untitled_47,1.8623,6.4397,67.0422,758.0256
Later Years,Untitled_48,1.9183,7.5671,514.0935,238.4797
Later Years,Untitled_49,1.9317,5.2950,95.1317,410.6395
Later Years,Untitled_50,1.8470,7.2371,376.6326,191.2175
Later Years,Untitled_51,1.9201,5.4054,114.4585,369.3808
Later Years,Untitled_52,1.9011,7.2561,275.1930,280.2102
Later Years,Untitled_53,1.9216,6.7555,221.9498,347.9425
Later Years,Untitled_54,1.9500,4.3599,56.7044,410.0301
Later Years,Woman in Armchair,1.7268,7.5921,69.3281,212.7990
Later Years,Woman in the studio,1.7024,7.3628,111.4254,309.8591
Later Years,Woman reading_1,1.8459,5.1902,30.3902,757.9866
Later Years,Woman sitting in an armchair_10,1.9165,7.0902,52.1701,617.5644
Later Years,Woman sitting in an armchair_9,1.8101,7.4397,155.7338,512.9440
Later Years,Woman sitting in blue armchair,1.7970,7.4711,184.3447,433.3365
Later Years,Woman with bird,1.7587,7.2334,45.5519,297.3707
Later Years,Woman with bird_1,1.7922,7.5711,108.5735,489.1187
Later Years,Woman with braid,1.9049,7.4626,114.2026,591.4838
Later Years,Woman with hat_2,1.8226,7.2770,68.9562,513.8756
Later Years,Woman with hat_3,1.6280,6.3086,108.8752,163.1403
Later Years,Women of Algiers,1.8019,6.9131,66.8822,355.1574
Later Years,Women's toilette,1.8068,7.5821,67.8976,405.3337
Neoclassicist & Surrealist Period,A blue acrobat,1.8889,6.3559,24.7233,744.6918
Neoclassicist & Surrealist Period,A bullfight,1.7214,7.5149,130.3120,309.2924
Neoclassicist & Surrealist Period,A bullfight_1,1.9031,7.9218,334.0786,566.7898
Neoclassicist & Surrealist Period,A child with pigeons,1.7469,7.5943,252.6153,463.0455
Neoclassicist & Surrealist Period,A dream,1.7630,7.3983,39.2984,560.2731
Neoclassicist & Surrealist Period,A hat with flowers,1.6457,7.3962,92.2636,322.1177
Neoclassicist & Surrealist Period,A lamp,1.7887,7.5696,88.1825,458.5039
Neoclassicist & Surrealist Period,A muse,1.8068,7.8062,277.1827,489.6537
Neoclassicist & Surrealist Period,A reclining female nude,1.7993,7.7493,128.4749,498.4030
Neoclassicist & Surrealist Period,A rooster,1.9440,7.2569,178.7792,665.9847
Neoclassicist & Surrealist Period,A rooster_1,1.8152,7.7684,159.9739,588.0957
Neoclassicist & Surrealist Period,Abduction (Nessus and Deianeira),1.8266,7.4678,215.4812,482.4797
Neoclassicist & Surrealist Period,Abduction (Nessus and Deianeira)_1,1.8826,6.8961,238.4222,794.1074
Neoclassicist & Surrealist Period,Acrobat,1.8729,7.4439,686.2958,509.5071
Neoclassicist & Surrealist Period,Acrobat_1,1.7629,7.1759,23.0589,608.9845
Neoclassicist & Surrealist Period,Artist and his model,1.7888,7.6600,135.4233,520.6078
Neoclassicist & Surrealist Period,Artist's son,1.9380,6.5473,79.8085,687.9543
Neoclassicist & Surrealist Period,Artist's studio on street La Boetie,1.8931,7.0906,122.6128,574.8091
Neoclassicist & Surrealist Period,Bacchic scene with minotaur,1.9066,4.6140,139.5098,336.8532
Neoclassicist & Surrealist Period,Ballplayers on the beach,1.8031,7.4585,104.6393,508.6039
Neoclassicist & Surrealist Period,Bather opening a cabin,1.8650,6.8238,251.5914,583.3688
Neoclassicist & Surrealist Period,Bather with beach ball,1.7701,7.5524,172.7787,485.1642
Neoclassicist & Surrealist Period,Bathers on the beach,1.7539,7.4386,259.4112,433.1669
Neoclassicist & Surrealist Period,Bathers_1,1.9120,7.1596,159.2738,706.8642
Neoclassicist & Surrealist Period,Bather_1,1.8376,7.0517,299.5172,512.7376
Neoclassicist & Surrealist Period,Bather_2,1.8176,6.9768,84.0037,472.0313
Neoclassicist & Surrealist Period,Bather_3,1.3100,2.9223,157.3136,51.7996
Neoclassicist & Surrealist Period,Beach game and rescue,1.7988,7.6734,91.0395,585.5003
Neoclassicist & Surrealist Period,Birds of a Feather,1.6127,6.7189,86.3816,283.2707
Neoclassicist & Surrealist Period,Blind Minotaur is guided by girl through the night,1.6676,7.5365,50.6134,163.1233
Neoclassicist & Surrealist Period,Blind Minotaur is guided by girl,1.8537,4.4505,88.0351,306.8643
Neoclassicist & Surrealist Period,Blind Minotaur is guided by girl_1,1.8370,6.3672,114.3335,263.3589
Neoclassicist & Surrealist Period,Blind Minotaur is guided by girl_2,1.8330,7.6000,89.3248,248.0203
Neoclassicist & Surrealist Period,Bowl of Fruit and Guitar,1.8122,7.8103,117.1905,566.6103
Neoclassicist & Surrealist Period,Boy with a langosta,1.7043,7.5272,245.7530,368.2111
Neoclassicist & Surrealist Period,Bull (plate I),1.8271,7.4990,173.9798,617.9637
Neoclassicist & Surrealist Period,Bull (plate II),1.6813,7.1500,48.3930,250.5626
Neoclassicist & Surrealist Period,Bull (plate III),1.7658,6.9093,71.0825,255.4868
Neoclassicist & Surrealist Period,Bull (plate IV),1.7981,7.1672,63.5944,601.7313
Neoclassicist & Surrealist Period,Bull (plate IX),1.9149,6.8251,33.3608,335.4571
Neoclassicist & Surrealist Period,Bull (plate V),1.8185,7.1928,103.3244,657.8680
Neoclassicist & Surrealist Period,Bull (plate VI),1.8119,7.1778,120.4727,556.3430
Neoclassicist & Surrealist Period,Bull (plate VII),1.8554,7.2427,70.6764,703.2914
Neoclassicist & Surrealist Period,Bull (plate VIII),1.8986,5.2486,39.8349,332.1555
Neoclassicist & Surrealist Period,Bull (plate X),1.8717,6.8913,34.4942,741.2362
Neoclassicist & Surrealist Period,Bull (plate XI),1.9445,3.5796,14.9731,382.5280
Neoclassicist & Surrealist Period,Bull (study),1.8428,6.5645,66.1278,707.3498
Neoclassicist & Surrealist Period,Bull's head on the table,1.8128,7.4376,79.0920,455.5486
Neoclassicist & Surrealist Period,Bull's Head,1.8241,7.8001,28.6105,592.0333
Neoclassicist & Surrealist Period,Bullfight,1.7465,7.4892,153.4366,422.7437
Neoclassicist & Surrealist Period,"Bust of a woman, arms raised",1.7833,7.1725,470.0518,544.0880
Neoclassicist & Surrealist Period,Bust of a woman,1.6727,6.8897,28.0005,435.0682
Neoclassicist & Surrealist Period,Bust of a woman_1,1.7862,7.4684,107.9961,562.0904
Neoclassicist & Surrealist Period,Bust of woman_3,1.6686,4.3635,54.7418,106.7321
Neoclassicist & Surrealist Period,Bust of woman_4,1.8318,7.5141,228.0385,516.2353
Neoclassicist & Surrealist Period,Bust of woman_5,1.6733,7.3373,228.7626,387.2244
Neoclassicist & Surrealist Period,Bust of woman_6,1.7755,7.6195,37.6710,231.3473
Neoclassicist & Surrealist Period,Buste of young woman (Marie-Therese Walter),1.6821,7.6464,140.2608,311.7987
Neoclassicist & Surrealist Period,Café 'Royan',1.8564,7.6760,94.6248,472.7058
Neoclassicist & Surrealist Period,Café in Royan,1.8256,7.6776,130.4408,646.7729
Neoclassicist & Surrealist Period,"Candle, palette, head of red bull",1.8031,7.3582,88.5622,524.1042
Neoclassicist & Surrealist Period,"Candle, palette, head of red bull_1",1.5679,7.4666,88.8347,371.6257
Neoclassicist & Surrealist Period,Cat catching a bird,1.7719,7.3229,66.8866,310.8132
Neoclassicist & Surrealist Period,Cat eating a bird,1.7396,7.7631,116.8398,485.9591
Neoclassicist & Surrealist Period,Child with flower,1.8139,7.6011,73.0892,425.8681
Neoclassicist & Surrealist Period,Claude in the arms of his mother,1.7620,7.8173,357.5107,452.2102
Neoclassicist & Surrealist Period,Claude with a ball,1.6884,7.5698,341.1936,381.5689
Neoclassicist & Surrealist Period,"Claude, two years old, and his hobby horse",1.7317,7.5774,112.5477,343.0552
Neoclassicist & Surrealist Period,Cock and knife,1.8705,6.7332,70.8260,536.3854
Neoclassicist & Surrealist Period,Composition,1.9051,7.5570,119.1993,538.4707
Neoclassicist & Surrealist Period,Contemplating people,1.4379,7.1772,57.3739,136.2871
Neoclassicist & Surrealist Period,Couple at the seaside,1.7526,6.9147,78.0162,244.3820
Neoclassicist & Surrealist Period,Crane and pitcher,1.7518,7.6252,209.7956,369.1154
Neoclassicist & Surrealist Period,"Crane, book and oil lamp",1.8432,7.5986,102.0862,700.6435
Neoclassicist & Surrealist Period,Crucifixion (study),1.8427,6.2774,50.6130,368.6456
Neoclassicist & Surrealist Period,Crucifixion,1.7991,7.4740,313.5059,481.7194
Neoclassicist & Surrealist Period,Crying woman,1.7032,7.5784,265.3483,432.4783
Neoclassicist & Surrealist Period,Crying woman_1,1.6096,6.6455,121.3234,231.5788
Neoclassicist & Surrealist Period,Crying woman_2,1.8211,7.6192,65.1706,258.8018
Neoclassicist & Surrealist Period,Design of costume for Pulcinella,1.8230,7.7689,167.9129,430.6425
Neoclassicist & Surrealist Period,Design of costume for Pulcinella_1,1.8564,7.3573,98.4701,506.6124
Neoclassicist & Surrealist Period,Dora Maar,1.7469,7.7087,229.5876,476.6412
Neoclassicist & Surrealist Period,Dream and Lie of Franco,1.9252,7.2222,186.2984,593.2050
Neoclassicist & Surrealist Period,Dream and Lie of Franco_1,1.8576,7.3647,212.4344,657.7399
Neoclassicist & Surrealist Period,Dying bull,1.7087,7.5081,203.6785,370.1228
Neoclassicist & Surrealist Period,Family at the seashore,1.7498,7.5120,87.6992,628.7812
Neoclassicist & Surrealist Period,Farmer's wife on a stepladder,1.7911,7.4927,193.2927,484.1610
Neoclassicist & Surrealist Period,"Faun unveiling a sleeping girl (Jupiter and Antiope, after Rembrandt)",1.6710,7.2604,187.6430,388.6798
Neoclassicist & Surrealist Period,Faun's head,1.8476,7.5098,174.1152,613.8731
Neoclassicist & Surrealist Period,"Faun, horse and bird",1.8570,7.5424,251.0794,554.9255
Neoclassicist & Surrealist Period,Female bust (Portrait de Dora Maar),1.7494,7.5737,120.7963,182.7060
Neoclassicist & Surrealist Period,Female nude in the garden,1.7535,7.8204,142.5626,502.5813
Neoclassicist & Surrealist Period,Female nude sitting in red armchair,1.7747,7.4335,34.2383,623.5043
Neoclassicist & Surrealist Period,Female nude_1,1.6615,7.4859,263.6704,398.6653
Neoclassicist & Surrealist Period,"Femme Assise, Robe Bleue",1.6730,7.1557,873.9619,1082.7185
Neoclassicist & Surrealist Period,Figure and profile,1.8251,7.4455,49.3268,359.6232
Neoclassicist & Surrealist Period,Figure,1.9573,7.3789,299.4400,643.8546
Neoclassicist & Surrealist Period,Figures at the Seaside,1.7863,7.7845,78.6510,498.2272
Neoclassicist & Surrealist Period,Figure_1,1.9192,7.2224,69.2617,671.0832
Neoclassicist & Surrealist Period,Firsts steps,1.7022,7.7981,76.0058,257.4219
Neoclassicist & Surrealist Period,Five bathers,1.7390,7.5475,47.2886,186.7874
Neoclassicist & Surrealist Period,Girl in a hat with her arms crossed,1.6930,7.5507,114.1901,361.2846
Neoclassicist & Surrealist Period,Girl in Front of Mirror,1.7424,7.4994,181.5490,494.2967
Neoclassicist & Surrealist Period,Girl in front of mirror_1,1.7448,7.4179,44.4371,206.2678
Neoclassicist & Surrealist Period,Glass and pitcher,1.6423,7.1713,150.7976,342.6885
Neoclassicist & Surrealist Period,"Glass, bottle, packet of tobacco",1.8421,7.4014,90.7902,612.3745
Neoclassicist & Surrealist Period,Great bather reading,1.6709,7.5481,315.3953,373.2401
Neoclassicist & Surrealist Period,Great Still life on pedestal,1.7906,7.8701,92.5955,533.7670
Neoclassicist & Surrealist Period,Greek woman,1.8516,7.3895,162.6635,478.7263
Neoclassicist & Surrealist Period,Guernica,1.7875,7.3971,209.5415,1155.5107
Neoclassicist & Surrealist Period,Guitar on pedestal,1.7742,7.6498,61.0199,374.8155
Neoclassicist & Surrealist Period,Guitar on pedestal_1,1.7255,7.5696,23.3244,370.6215
Neoclassicist & Surrealist Period,Guitar on pedestal_2,1.7428,6.5107,25.8479,557.9624
Neoclassicist & Surrealist Period,"Guitar, Bottle and Fruit Bowl",1.8215,7.0382,67.3131,214.5652
Neoclassicist & Surrealist Period,"Guitar, Glass and Fruit Dish with Fruit",1.7374,7.5864,79.3469,371.0613
Neoclassicist & Surrealist Period,Guitar_1,1.8441,7.4880,14.7338,387.5816
Neoclassicist & Surrealist Period,Guitar_2,1.8775,7.3886,61.4997,745.0575
Neoclassicist & Surrealist Period,Guitar_3,1.8561,6.6252,89.7944,707.0785
Neoclassicist & Surrealist Period,Harlequin with his hands crossed (Jacinto Salvado),1.8201,7.5552,117.8678,429.1199
Neoclassicist & Surrealist Period,Head in blue background,1.8624,7.0316,33.0937,312.8213
Neoclassicist & Surrealist Period,Head in red background,1.8374,5.4847,18.5871,346.3231
Neoclassicist & Surrealist Period,Head of a Girl,1.8614,5.1049,48.5354,429.6678
Neoclassicist & Surrealist Period,Head of a woman (Marie-Therese Walter),1.8667,6.8509,96.7737,300.8569
Neoclassicist & Surrealist Period,Head of a woman (Olga Picasso),1.8367,7.3912,76.8477,618.0386
Neoclassicist & Surrealist Period,Head of a woman with green curls,1.7267,7.7137,241.6183,402.2570
Neoclassicist & Surrealist Period,Head of a woman,1.7312,7.6777,169.9139,600.8763
Neoclassicist & Surrealist Period,Head of a woman_1,1.4999,6.0583,17.7131,211.6797
Neoclassicist & Surrealist Period,Head of a woman_2,1.8303,7.6761,235.5242,510.3522
Neoclassicist & Surrealist Period,Head of Faun,1.5932,7.0983,25.7991,211.9212
Neoclassicist & Surrealist Period,Head of woman_3,1.8616,7.7561,85.3905,600.7616
Neoclassicist & Surrealist Period,Head of woman_4,1.6204,7.4244,218.8286,249.9985
Neoclassicist & Surrealist Period,Head of woman_5,1.6155,6.6623,71.7223,272.1349
Neoclassicist & Surrealist Period,Head of woman_6,1.7386,7.7281,134.2799,358.3280
Neoclassicist & Surrealist Period,Head of woman_7,1.7112,7.5749,48.7792,393.8288
Neoclassicist & Surrealist Period,Head_2,1.6687,7.0651,123.8338,467.8894
Neoclassicist & Surrealist Period,Head_3,1.9508,6.5648,67.1780,772.5934
Neoclassicist & Surrealist Period,Head_4,1.7607,7.6589,239.2466,439.7347
Neoclassicist & Surrealist Period,Interior with easel,1.8343,7.8184,174.8192,476.2241
Neoclassicist & Surrealist Period,"Jug, candle and enamel pan",1.5861,7.3577,209.7437,346.9000
Neoclassicist & Surrealist Period,Kallan,1.7191,7.7024,56.5961,230.6689
Neoclassicist & Surrealist Period,Landscape of Juan-les-Pins,1.5839,7.0378,126.8960,243.7947
Neoclassicist & Surrealist Period,Landscape,1.9315,7.2258,267.0655,566.6955
Neoclassicist & Surrealist Period,Large nude in red armchair,1.7732,7.7979,83.7300,554.0362
Neoclassicist & Surrealist Period,Leaning woman with bonnet,1.8544,7.3327,249.5352,424.0377
Neoclassicist & Surrealist Period,Leaning woman,1.7638,7.4000,131.6708,465.1204
Neoclassicist & Surrealist Period,"Leeks, fish head, skull and pitcher",1.8427,7.5487,90.4941,603.4724
Neoclassicist & Surrealist Period,Lovers_2,1.8731,7.4370,161.1157,518.6699
Neoclassicist & Surrealist Period,Lust for life (Pastorale),1.7611,7.7449,80.6416,428.3787
Neoclassicist & Surrealist Period,Lying female nude,1.9442,6.1174,28.3287,697.5144
Neoclassicist & Surrealist Period,Lying female nude_1,1.7846,7.7997,155.9312,506.7259
Neoclassicist & Surrealist Period,Lying female nude_2,1.9638,6.5582,232.3390,702.6783
Neoclassicist & Surrealist Period,Man and woman_1,1.9102,7.1323,347.6841,806.0291
Neoclassicist & Surrealist Period,Man with a straw hat and an ice-cream,1.5071,6.0055,196.5427,228.2294
Neoclassicist & Surrealist Period,Man with ice-cream cone,1.8298,7.5825,271.8384,558.1260
Neoclassicist & Surrealist Period,Man with mandolin,1.7732,7.4455,101.0039,259.9853
Neoclassicist & Surrealist Period,Man with mandolin_1,1.6343,7.0307,90.5436,289.9518
Neoclassicist & Surrealist Period,Man with straw hat,1.6232,6.0898,217.8054,283.1966
Neoclassicist & Surrealist Period,"Marie-Therese as vestal, ensuring the Minotaur asleep",1.8267,7.1335,46.2672,264.1406
Neoclassicist & Surrealist Period,Marie-Therese leaning,1.8533,7.4473,122.7413,643.3532
Neoclassicist & Surrealist Period,Maya with boat,1.7200,7.5830,187.0709,434.2384
Neoclassicist & Surrealist Period,Milliners (Workshop of the milliner),1.6381,7.6524,127.0321,387.2288
Neoclassicist & Surrealist Period,Minotaur is dying,1.8589,3.2951,54.2622,327.2339
Neoclassicist & Surrealist Period,"Minotaur is wounded, horse and personages",1.8212,7.7070,314.5092,524.2974
Neoclassicist & Surrealist Period,Minotaur is wounded,1.8533,4.2407,71.8221,317.3856
Neoclassicist & Surrealist Period,Minotaur is wounded_1,1.8476,3.5414,69.7951,316.7838
Neoclassicist & Surrealist Period,Minotaur is wounded_2,1.8839,7.5299,193.0878,477.9908
Neoclassicist & Surrealist Period,Minotaur with dead horse in front of a cave facing a girl in veil,1.7773,7.7685,184.5004,479.0194
Neoclassicist & Surrealist Period,Minotauromachy,1.7730,7.5126,356.7403,212.3220
Neoclassicist & Surrealist Period,Model for the cover of Minotaur,1.7185,7.5215,195.7832,438.1079
Neoclassicist & Surrealist Period,Monument (Head of a Woman),1.8642,6.8518,30.0534,352.0436
Neoclassicist & Surrealist Period,Mother and child (Marie-Therese and Maya),1.7887,7.6375,146.3889,444.7989
Neoclassicist & Surrealist Period,Mother and child_2,1.8188,7.3772,56.9110,231.2539
Neoclassicist & Surrealist Period,Mother and child_3,1.7917,7.5972,72.2856,207.5817
Neoclassicist & Surrealist Period,Mother and child_4,1.8740,7.3733,394.5561,590.4988
Neoclassicist & Surrealist Period,Mother and child_5,1.9531,7.2280,123.2081,707.4782
Neoclassicist & Surrealist Period,Mother and child_6,1.8432,7.5755,212.1591,467.8554
Neoclassicist & Surrealist Period,Musicians with masks,1.6416,7.2540,166.6884,402.3689
Neoclassicist & Surrealist Period,Musicians with masks_1,1.5585,6.7362,181.2764,321.1254
Neoclassicist & Surrealist Period,Naked woman,1.8090,7.2697,28.8463,246.9360
Neoclassicist & Surrealist Period,Night fishing at Antibes,1.6329,7.6814,186.0613,351.5820
Neoclassicist & Surrealist Period,Nudes and bust,1.7485,7.5934,113.6247,240.5262
Neoclassicist & Surrealist Period,Nudes in Reverie,1.8788,3.8352,37.5134,877.3891
Neoclassicist & Surrealist Period,Nudes,1.8173,7.3991,16.5749,248.6918
Neoclassicist & Surrealist Period,Olga in a hat with feather,1.9097,6.6389,52.3535,627.5730
Neoclassicist & Surrealist Period,Olga,1.6586,7.2382,101.8524,392.3475
Neoclassicist & Surrealist Period,"On the beach, Dinard",1.6930,7.4974,199.0397,213.9670
Neoclassicist & Surrealist Period,Owl on a chair and sea urchins,1.7224,7.0314,54.5055,252.4346
Neoclassicist & Surrealist Period,Painter and his model,1.8628,7.1223,55.1580,599.5730
Neoclassicist & Surrealist Period,Painter and his model_1,1.7770,7.3411,70.1019,588.6013
Neoclassicist & Surrealist Period,Pan's flute,1.8375,7.6119,169.2967,474.2738
Neoclassicist & Surrealist Period,Paul as harlequin,1.8355,7.5367,64.6727,619.4415
Neoclassicist & Surrealist Period,"Paul, the artist's son, ten years old",1.7990,7.6352,64.0237,462.8059
Neoclassicist & Surrealist Period,Pedestal_1,1.8189,7.7022,311.6285,500.2768
Neoclassicist & Surrealist Period,Pierrot and harlequin on the terrace of café,1.7234,7.0970,26.7749,452.9080
Neoclassicist & Surrealist Period,Pierrot and Harlequin,1.8264,7.1984,65.2381,523.9893
Neoclassicist & Surrealist Period,Pigeon,1.6211,6.9571,70.8539,218.0318
Neoclassicist & Surrealist Period,Plaster head and arm,1.7884,7.9026,135.9045,566.2830
Neoclassicist & Surrealist Period,Portrait of a Lady,1.7939,7.0184,50.8809,529.3454
Neoclassicist & Surrealist Period,Portrait of bearded man leaning on cradle,1.8699,6.8625,239.8853,454.5092
Neoclassicist & Surrealist Period,Portrait of D. M.,1.7274,7.1445,38.9336,310.9253
Neoclassicist & Surrealist Period,Portrait of Dora Maar,1.7171,7.4240,110.7275,403.6562
Neoclassicist & Surrealist Period,Portrait of Dora Maar_1,1.7406,7.2564,87.0569,484.7237
Neoclassicist & Surrealist Period,Portrait of Dora Maar_2,1.7320,7.5482,116.4848,466.0319
Neoclassicist & Surrealist Period,Portrait of Erik Satie,1.8730,4.3856,99.4898,791.5992
Neoclassicist & Surrealist Period,Portrait of Igor Stravinsky,1.8774,6.1363,61.0412,766.3061
Neoclassicist & Surrealist Period,Portrait of Jaime Sabartes as Grandee,1.6844,7.4164,385.0699,383.4485
Neoclassicist & Surrealist Period,Portrait of La Scala master of ballet,1.8588,5.7238,33.5940,631.0544
Neoclassicist & Surrealist Period,Portrait of Lee Miller as Arlesienne,1.8717,7.7135,199.5802,508.2933
Neoclassicist & Surrealist Period,Portrait of Marie-Therese,1.8196,7.0480,56.2219,433.4811
Neoclassicist & Surrealist Period,Portrait of Marie-Thérèse Walter with garland,1.7095,7.1575,106.2069,399.5175
Neoclassicist & Surrealist Period,Portrait of Marie-Thérèse Walter,1.7272,7.5992,140.4420,471.8699
Neoclassicist & Surrealist Period,Portrait of Marie-Thérèse Walter_1,1.7826,7.8214,208.3869,507.8297
Neoclassicist & Surrealist Period,Portrait of Maya with her doll,1.8645,7.5701,50.9675,600.2940
Neoclassicist & Surrealist Period,Portrait of Maya,1.8745,7.7338,367.0696,449.3431
Neoclassicist & Surrealist Period,Portrait of Nusch Éluard,1.9061,6.6360,68.2501,662.6865
Neoclassicist & Surrealist Period,Portrait of Nusch Éluard_1,1.8085,7.7073,258.0982,406.0689
Neoclassicist & Surrealist Period,Portrait of Olga,1.8572,5.6462,35.1952,809.1999
Neoclassicist & Surrealist Period,Portrait of Paul Éluard,1.6895,7.2337,187.0119,272.5749
Neoclassicist & Surrealist Period,Portrait of Paulo as Pierrot,1.9531,7.0883,146.9130,653.6101
Neoclassicist & Surrealist Period,"Portrait of Paulo, artist's son",1.9282,7.3518,231.6123,579.9934
Neoclassicist & Surrealist Period,Portrait of woman (Dora Maar),1.6776,7.3502,229.8989,378.1251
Neoclassicist & Surrealist Period,Portrait of woman in d`hermine pass (Olga),1.8989,7.5426,133.5736,561.8059
Neoclassicist & Surrealist Period,Portrait of woman,1.7823,7.5301,193.1869,448.0990
Neoclassicist & Surrealist Period,Portrait of woman_1,1.7835,7.6682,322.5978,422.0474
Neoclassicist & Surrealist Period,Portrait of woman_2,1.8352,6.9428,182.9028,481.9169
Neoclassicist & Surrealist Period,Portrait of young girl_1,1.9504,7.0474,190.4872,634.3985
Neoclassicist & Surrealist Period,Punchinello with guitar,1.5878,7.3162,150.3945,346.1748
Neoclassicist & Surrealist Period,Reading The Letter,1.5748,7.1624,68.0584,139.0536
Neoclassicist & Surrealist Period,Reading,1.7603,7.4761,128.2088,389.4256
Neoclassicist & Surrealist Period,Reading_1,1.7959,7.6201,79.9962,539.7805
Neoclassicist & Surrealist Period,Reclining nude_2,1.7579,7.6265,168.4492,426.0599
Neoclassicist & Surrealist Period,Reclining woman at the seashore,1.8823,5.4362,45.9728,834.1659
Neoclassicist & Surrealist Period,Reclining Woman,1.7221,7.6637,132.8210,481.7008
Neoclassicist & Surrealist Period,Reclining woman_1,1.7479,7.5204,96.4759,429.4475
Neoclassicist & Surrealist Period,Reclining woman_2,1.8549,7.7744,255.1804,605.0356
Neoclassicist & Surrealist Period,Scene design for Pulcinella,1.8136,7.6904,148.7344,489.0432
Neoclassicist & Surrealist Period,Scenes of bullfighting,1.8566,4.9952,45.9118,840.0380
Neoclassicist & Surrealist Period,Seated bather on the beach,1.8062,7.0772,323.9030,499.5095
Neoclassicist & Surrealist Period,Seated bather,1.8334,7.0468,228.0548,538.2885
Neoclassicist & Surrealist Period,Seated Dora Maar,1.8303,7.5799,109.7680,630.0645
Neoclassicist & Surrealist Period,Seated female nude_4,1.8776,7.6103,31.8764,282.6722
Neoclassicist & Surrealist Period,Seated female nude_5,1.9304,6.0579,81.2175,448.0927
Neoclassicist & Surrealist Period,Seated Francoise with blue dress,1.8603,7.4571,136.4487,492.6214
Neoclassicist & Surrealist Period,Seated harlequin (Jacinto Salvado),1.8124,7.1737,167.4375,346.3993
Neoclassicist & Surrealist Period,Seated Nude drying her feet,1.8374,7.7831,152.6008,592.1807
Neoclassicist & Surrealist Period,Seated Portrait of Marie-Therese Walter,1.8267,7.8412,256.5355,428.0310
Neoclassicist & Surrealist Period,Seated woman (Olga),1.8547,5.7501,34.4689,431.7772
Neoclassicist & Surrealist Period,Seated woman (Olga)_1,1.6194,7.3692,199.8252,267.0011
Neoclassicist & Surrealist Period,Seated Woman in a Red Armchair,1.5713,7.4469,259.0872,345.8828
Neoclassicist & Surrealist Period,Seated woman in garden,1.8031,7.7684,198.8602,537.2464
Neoclassicist & Surrealist Period,Seated woman on wooden chair,1.7129,7.7341,301.8566,398.8053
Neoclassicist & Surrealist Period,Seated woman with blue and red hat,1.8910,7.7211,147.5783,605.7002
Neoclassicist & Surrealist Period,Seated Woman with Fish,1.8215,7.5942,102.5515,614.6703
Neoclassicist & Surrealist Period,Seated woman with flat hat,1.6678,7.4107,235.4461,305.3976
Neoclassicist & Surrealist Period,Seated woman with her arms folded (Sarah Murphy),1.9278,7.1007,266.1897,545.4258
Neoclassicist & Surrealist Period,Seated woman with spelling book,1.9351,7.1028,198.2708,684.3735
Neoclassicist & Surrealist Period,Seated woman_10,1.6641,7.1534,60.9193,154.6180
Neoclassicist & Surrealist Period,Seated woman_3,1.6557,7.6573,73.8444,320.7708
Neoclassicist & Surrealist Period,Seated woman_4,1.7169,7.4393,103.0665,426.8547
Neoclassicist & Surrealist Period,Seated woman_5,1.9223,7.4188,116.7494,765.1751
Neoclassicist & Surrealist Period,Seated woman_6,1.8879,7.6973,371.8631,643.9095
Neoclassicist & Surrealist Period,Seated woman_7,1.7383,7.6543,61.4195,487.8438
Neoclassicist & Surrealist Period,Seated Woman_8,1.7613,7.8305,222.3157,518.5038
Neoclassicist & Surrealist Period,Seated woman_9,1.7848,7.7591,356.4785,450.9273
Neoclassicist & Surrealist Period,Silenus dancing in company,1.8383,7.3605,129.4813,565.1743
Neoclassicist & Surrealist Period,Skull and leeks,1.7439,7.7319,119.4698,360.4434
Neoclassicist & Surrealist Period,"Skull, urchins and lamp on a table",1.7691,7.8456,97.4759,521.2088
Neoclassicist & Surrealist Period,Sleep,1.8320,6.9524,11.7746,678.7411
Neoclassicist & Surrealist Period,Sleeper near the shutters,1.8618,7.7284,193.9867,466.3922
Neoclassicist & Surrealist Period,Square du Vert-Galant,1.7177,7.6512,222.6215,308.4066
Neoclassicist & Surrealist Period,Standing female nude_2,1.9478,7.0525,275.6920,557.9991
Neoclassicist & Surrealist Period,Standing nude_1,1.7109,7.3242,140.0103,537.5204
Neoclassicist & Surrealist Period,Standing woman,1.8937,7.5982,104.1912,510.9392
Neoclassicist & Surrealist Period,Still life on a table,1.7982,7.6652,147.6691,495.6448
Neoclassicist & Surrealist Period,"Still life with a bull's head, book and candle range",1.6859,7.5483,167.4763,367.7833
Neoclassicist & Surrealist Period,Still life with antique bust,1.6597,6.4760,33.7096,396.6757
Neoclassicist & Surrealist Period,Still life with bull's skull,1.7201,7.7109,125.1371,396.8105
Neoclassicist & Surrealist Period,Still life with candle,1.7131,7.3623,75.7943,188.5834
Neoclassicist & Surrealist Period,Still life with candlestick,1.6571,6.8421,152.6074,360.8784
Neoclassicist & Surrealist Period,Still life with fishing net,1.7756,7.6982,278.8062,458.4138
Neoclassicist & Surrealist Period,Still life with Guitar_1,1.7572,7.7994,196.4078,467.9545
Neoclassicist & Surrealist Period,Still life with jug and bread,1.7345,7.5643,196.3683,518.0433
Neoclassicist & Surrealist Period,Still life with lamp,1.8530,7.8235,211.4739,618.8634
Neoclassicist & Surrealist Period,Still life with lemon and jug,1.8507,6.2926,25.8496,585.2598
Neoclassicist & Surrealist Period,Still life with lemon and oranges,1.7705,7.5596,64.2708,399.8376
Neoclassicist & Surrealist Period,Still life with skull of ox,1.4220,6.9417,102.3001,247.1923
Neoclassicist & Surrealist Period,Still life with skull on an armchair,1.9483,7.3631,138.9256,632.4930
Neoclassicist & Surrealist Period,Still life with stone,1.6876,7.6727,91.8819,313.6970
Neoclassicist & Surrealist Period,Still life with the mandolin,1.8258,7.5494,91.1047,441.2536
Neoclassicist & Surrealist Period,"Still life, school of Paris",1.7614,6.8931,27.6904,237.4226
Neoclassicist & Surrealist Period,Still life_2,1.6920,7.2378,52.9657,291.0931
Neoclassicist & Surrealist Period,Still life_3,1.5238,6.5380,72.5715,146.2498
Neoclassicist & Surrealist Period,Still life_4,1.7847,7.6006,91.8323,367.1877
Neoclassicist & Surrealist Period,Still life_5,1.8228,7.8819,154.3328,602.2754
Neoclassicist & Surrealist Period,Studio,1.7643,7.5173,195.6983,371.3849
Neoclassicist & Surrealist Period,Studio_1,1.8604,7.4011,47.4872,557.6649
Neoclassicist & Surrealist Period,Study of Cannes,1.8747,7.0830,63.7083,294.5226
Neoclassicist & Surrealist Period,The Abduction,1.8301,6.8692,21.5712,288.8057
Neoclassicist & Surrealist Period,The Buffet 'Catalan',1.5483,7.0620,57.9705,135.7715
Neoclassicist & Surrealist Period,The buffet of 'Catalan',1.6151,7.2389,117.1342,348.8455
Neoclassicist & Surrealist Period,The dance,1.6415,7.5560,135.1424,346.6284
Neoclassicist & Surrealist Period,The fighters,1.8802,6.3048,44.6391,272.6261
Neoclassicist & Surrealist Period,The Imploring,1.7270,7.6092,210.4774,451.3619
Neoclassicist & Surrealist Period,The Kiss,1.7514,7.5764,147.3800,474.8693
Neoclassicist & Surrealist Period,The kitchen,1.8115,7.7498,212.6549,350.6922
Neoclassicist & Surrealist Period,The kitchen_1,1.8587,7.3402,90.6238,646.4555
Neoclassicist & Surrealist Period,The mass grave,1.8235,7.6135,117.8785,674.5078
Neoclassicist & Surrealist Period,The mirror,1.7633,7.5081,110.6548,509.4887
Neoclassicist & Surrealist Period,The Remains of Minotaur in a harlequin costume,1.8373,7.7297,170.6431,589.1707
Neoclassicist & Surrealist Period,The rescue,1.8116,7.6791,457.1523,455.7460
Neoclassicist & Surrealist Period,The sailor,1.7898,7.6347,94.3782,526.7134
Neoclassicist & Surrealist Period,The Sculptor and His Statue,1.6880,7.6335,105.3713,454.7403
Neoclassicist & Surrealist Period,The sculptor,1.8391,7.6397,119.4065,676.1323
Neoclassicist & Surrealist Period,The sculpture,1.8068,7.5205,47.0305,585.7216
Neoclassicist & Surrealist Period,The serenade,1.5095,6.6980,96.3686,249.4566
Neoclassicist & Surrealist Period,The straw hat with blue leaves,1.7277,7.3785,59.7912,376.8761
Neoclassicist & Surrealist Period,The Studio,1.8697,5.9745,24.1487,836.7908
Neoclassicist & Surrealist Period,The Swimmer,1.8906,6.7224,276.1887,647.6422
Neoclassicist & Surrealist Period,The yellow shirt (Dora Maar),1.7919,7.7158,122.2080,522.4497
Neoclassicist & Surrealist Period,Three women at a fountain (study),1.8705,7.7916,68.5919,563.9929
Neoclassicist & Surrealist Period,Three women at a fountain (study)_1,1.6460,7.3221,185.5349,296.4135
Neoclassicist & Surrealist Period,Three women at a fountain (study)_2,1.8686,7.8024,143.2989,485.3464
Neoclassicist & Surrealist Period,Three women at a fountain (study)_3,1.8106,7.2503,326.3004,360.9951
Neoclassicist & Surrealist Period,Three women at a fountain,1.5148,6.8680,172.6009,239.6751
Neoclassicist & Surrealist Period,Three women at a fountain_1,1.7677,7.3341,227.2706,229.9294
Neoclassicist & Surrealist Period,Three women at a fountain_2,1.8455,7.7693,309.4713,478.2622
Neoclassicist & Surrealist Period,Tomato plant,1.7997,7.8246,226.3312,571.8622
Neoclassicist & Surrealist Period,Two bathers,1.6510,7.5720,143.7070,382.3947
Neoclassicist & Surrealist Period,Two bathers_1,1.9067,6.2629,168.7939,883.3016
Neoclassicist & Surrealist Period,Two dressed models,1.8666,5.6479,148.1399,834.5261
Neoclassicist & Surrealist Period,Two figures_1,1.7205,7.1278,115.0742,469.6514
Neoclassicist & Surrealist Period,Two naked women on the beach,1.6764,7.3780,210.3889,252.2474
Neoclassicist & Surrealist Period,Two nude women_3,1.9383,6.2663,33.0156,467.4962
Neoclassicist & Surrealist Period,Two nude women_4,1.7609,7.4695,131.9526,318.2138
Neoclassicist & Surrealist Period,Two nude women_5,1.8513,7.4063,87.8544,428.9978
Neoclassicist & Surrealist Period,Two Women Running on the Beach (The Race),1.6715,7.6630,133.2624,523.8853
Neoclassicist & Surrealist Period,Ulysses and sirens,1.8592,7.4824,173.7298,673.3821
Neoclassicist & Surrealist Period,Untitled_10,1.9580,4.8076,55.2578,868.0923
Neoclassicist & Surrealist Period,Untitled_11,1.9539,5.9115,59.8848,815.1776
Neoclassicist & Surrealist Period,Untitled_12,1.9527,6.5358,104.9787,773.5829
Neoclassicist & Surrealist Period,Untitled_13,1.8242,7.5171,114.1855,399.9388
Neoclassicist & Surrealist Period,Untitled_14,1.9348,7.1362,317.5333,541.1867
Neoclassicist & Surrealist Period,Untitled_15,1.8592,7.6362,173.6364,476.8097
Neoclassicist & Surrealist Period,Untitled_16,1.8152,7.6606,202.1447,385.9831
Neoclassicist & Surrealist Period,Untitled_17,1.7008,6.8032,166.8821,307.2344
Neoclassicist & Surrealist Period,Untitled_18,1.8343,7.7203,261.4664,395.9341
Neoclassicist & Surrealist Period,Untitled_19,1.8331,7.7133,270.2786,413.6157
Neoclassicist & Surrealist Period,Untitled_2,1.8166,7.3272,36.6216,430.0731
Neoclassicist & Surrealist Period,Untitled_20,1.8780,7.6336,175.7834,431.9384
Neoclassicist & Surrealist Period,Untitled_21,1.8518,7.4510,196.2870,406.0813
Neoclassicist & Surrealist Period,Untitled_22,1.8221,7.7028,136.0026,468.7641
Neoclassicist & Surrealist Period,Untitled_23,1.7639,7.3096,147.9700,349.6637
Neoclassicist & Surrealist Period,Untitled_24,1.8703,7.7893,211.6929,530.8350
Neoclassicist & Surrealist Period,Untitled_25,1.8879,7.5743,93.0865,518.7870
Neoclassicist & Surrealist Period,Untitled_26,1.8823,7.3334,89.6261,467.9829
Neoclassicist & Surrealist Period,Untitled_27,1.9505,6.6792,90.5510,731.6925
Neoclassicist & Surrealist Period,Untitled_28,1.9466,6.8527,106.6099,702.7699
Neoclassicist & Surrealist Period,Untitled_29,1.8256,7.5143,72.3086,487.4909
Neoclassicist & Surrealist Period,Untitled_3,1.8229,7.6054,51.7834,508.9333
Neoclassicist & Surrealist Period,Untitled_30,1.6963,7.5046,141.2080,369.6910
Neoclassicist & Surrealist Period,Untitled_31,1.9386,7.3304,210.1129,593.9027
Neoclassicist & Surrealist Period,Untitled_32,1.8384,7.7421,356.8206,432.1262
Neoclassicist & Surrealist Period,Untitled_33,1.8772,7.6140,128.9647,486.6024
Neoclassicist & Surrealist Period,Untitled_34,1.8557,7.6804,257.6510,480.6918
Neoclassicist & Surrealist Period,Untitled_35,1.7594,7.3897,171.7900,342.0021
Neoclassicist & Surrealist Period,Untitled_36,1.7389,7.5313,256.9704,391.9130
Neoclassicist & Surrealist Period,Untitled_37,1.7956,7.6603,264.7641,352.6184
Neoclassicist & Surrealist Period,Untitled_38,1.8224,7.7362,137.8885,416.8159
Neoclassicist & Surrealist Period,Untitled_39,1.9392,6.8604,36.6918,708.9091
Neoclassicist & Surrealist Period,Untitled_4,1.9157,7.3894,112.2249,601.4573
Neoclassicist & Surrealist Period,Untitled_40,1.7775,7.5712,356.3750,367.0240
Neoclassicist & Surrealist Period,Untitled_5,1.7536,7.3443,151.3657,474.8195
Neoclassicist & Surrealist Period,Untitled_6,1.8243,7.5396,145.5748,413.7045
Neoclassicist & Surrealist Period,Untitled_7,1.8631,7.6172,136.7296,462.7470
Neoclassicist & Surrealist Period,Untitled_8,1.6971,7.2642,139.9393,367.0630
Neoclassicist & Surrealist Period,Untitled_9,1.7897,7.7197,177.8935,419.4541
Neoclassicist & Surrealist Period,Vase with flowers,1.6586,7.5117,240.1792,339.3377
Neoclassicist & Surrealist Period,Vase with flowers_1,1.6156,7.0824,48.7532,157.3709
Neoclassicist & Surrealist Period,Weeping Woman,1.7678,7.7033,183.0304,466.6424
Neoclassicist & Surrealist Period,Window opened to the street Penthieure,1.7802,7.5857,130.9085,486.0546
Neoclassicist & Surrealist Period,Woman by the dresser,1.7666,7.8305,161.8973,493.3431
Neoclassicist & Surrealist Period,Woman by the dresser_1,1.9272,7.4148,82.6771,586.1625
Neoclassicist & Surrealist Period,Woman by the window,1.8321,7.6465,200.3247,452.2138
Neoclassicist & Surrealist Period,Woman in an armchair,1.8083,7.4936,98.8846,567.6628
Neoclassicist & Surrealist Period,Woman in beret and checked dress,1.6336,7.2155,198.3726,336.7370
Neoclassicist & Surrealist Period,Woman in green,1.6555,7.4630,98.9090,216.5943
Neoclassicist & Surrealist Period,Woman in red armchair,1.6300,7.2755,135.1681,367.3852
Neoclassicist & Surrealist Period,Woman in striped armchair,1.7582,7.6897,171.8693,461.8294
Neoclassicist & Surrealist Period,Woman in the Garden,1.8186,7.5024,29.7238,213.2702
Neoclassicist & Surrealist Period,Woman in the interior,1.9194,7.3447,113.9660,589.9944
Neoclassicist & Surrealist Period,Woman in white,1.8775,6.9859,398.8244,554.9850
Neoclassicist & Surrealist Period,Woman on the beach,1.7505,7.6505,183.1641,443.0535
Neoclassicist & Surrealist Period,Woman reading (Olga),1.8630,7.1805,85.1602,556.1610
Neoclassicist & Surrealist Period,Woman reading (Olga)_1,1.5933,7.5156,128.9867,342.7268
Neoclassicist & Surrealist Period,Woman reading,1.6060,7.2462,133.9762,320.8768
Neoclassicist & Surrealist Period,Woman sitting in an armchair_1,1.7389,7.7853,101.4812,443.1386
Neoclassicist & Surrealist Period,Woman sitting in an armchair_2,1.8932,7.6632,136.9552,568.2477
Neoclassicist & Surrealist Period,Woman sitting in an armchair_3,1.8211,7.8601,151.4559,593.3370
Neoclassicist & Surrealist Period,Woman sitting in an armchair_4,1.7466,7.8006,217.4957,458.7406
Neoclassicist & Surrealist Period,Woman sitting in an armchair_5,1.7484,7.6558,143.2367,465.4132
Neoclassicist & Surrealist Period,Woman sitting in an armchair_6,1.7980,7.7860,78.2366,240.7525
Neoclassicist & Surrealist Period,Woman sitting in an armchair_7,1.4341,6.7637,120.7101,261.6627
Neoclassicist & Surrealist Period,Woman sitting in an armchair_8,1.8548,7.5602,142.2000,506.1121
Neoclassicist & Surrealist Period,Woman sitting in red armchair,1.9274,7.5992,203.4068,586.3058
Neoclassicist & Surrealist Period,Woman styling her hair,1.6186,7.0067,57.2592,400.6839
Neoclassicist & Surrealist Period,Woman turned right,1.6935,7.7231,188.6000,397.9921
Neoclassicist & Surrealist Period,Woman washing her feet,1.8398,7.5954,240.4194,536.9763
Neoclassicist & Surrealist Period,Woman with book,1.6888,7.3832,130.6596,422.3390
Neoclassicist & Surrealist Period,Woman with bouquet,1.8561,7.5547,201.4275,616.9818
Neoclassicist & Surrealist Period,Woman with brooch,1.7342,7.1619,89.2780,359.4027
Neoclassicist & Surrealist Period,Woman with cap_1,1.7095,7.6696,150.4783,410.6304
Neoclassicist & Surrealist Period,Woman with child on the seashore,1.7643,7.2293,235.0743,674.2095
Neoclassicist & Surrealist Period,Woman with cockerel,1.8289,7.5737,122.7923,686.3349
Neoclassicist & Surrealist Period,Woman with flower,1.8098,7.6131,148.6857,462.6769
Neoclassicist & Surrealist Period,Woman with hat (Olga),1.8770,6.9755,73.8641,515.8879
Neoclassicist & Surrealist Period,Woman with hat_1,1.6306,7.4764,160.8351,369.1036
Neoclassicist & Surrealist Period,Woman with mandolin_1,1.7625,7.5194,48.3350,519.9372
Neoclassicist & Surrealist Period,Woman with red hat,1.8230,7.4108,78.9785,419.8361
Neoclassicist & Surrealist Period,Woman with straw hat on flowery background,1.8429,7.4701,252.2808,526.3935
Neoclassicist & Surrealist Period,Woman with yellow hair,1.8141,7.4008,43.8407,664.7076
Neoclassicist & Surrealist Period,Woman writing,1.6396,7.1519,187.0972,330.4075
Neoclassicist & Surrealist Period,Woman's head and hand,1.7375,7.3457,46.2806,387.5595
Neoclassicist & Surrealist Period,Woman's head,1.5810,6.9223,120.7494,303.9532
Neoclassicist & Surrealist Period,Woman’s Head,1.6854,7.5610,39.4525,346.2185
Neoclassicist & Surrealist Period,Women at their toilette,1.8115,7.6009,116.8278,528.2664
Neoclassicist & Surrealist Period,Working painter observed by a nude model,1.8938,5.6505,68.0921,526.8823
Neoclassicist & Surrealist Period,Wounded bird,1.7827,7.5485,124.7469,404.3396
Neoclassicist & Surrealist Period,Young girl throwing a rock,1.7856,7.8752,139.1453,538.7450
Neoclassicist & Surrealist Period,Young Tormented Girl,1.8157,7.0914,56.6800,368.0632
Rose Period,A bank of canal,1.9101,6.5493,53.8725,473.0892
Rose Period,A boat on the canal,1.9054,5.5837,42.0255,479.8239
Rose Period,A boy with pipe,1.8907,7.4737,2454.9348,865.1488
Rose Period,A horsewoman,1.9391,6.3769,565.1939,481.0868
Rose Period,Acrobat and young harlequin,1.7040,7.3776,74.8977,420.2068
Rose Period,An actor,1.7417,7.5982,327.8598,315.6305
Rose Period,At Lapin Agile (Harlequin with Glass),1.5936,7.5049,304.5421,379.7137
Rose Period,Bed with mosquito nets,1.8124,7.4875,143.3731,381.2929
Rose Period,Boy leading a horse,1.8720,7.6543,965.6803,1027.1926
Rose Period,Boy with bouquet of flowers in his hand,1.8698,7.0840,145.7956,481.6562
Rose Period,Bust of woman_1,1.5798,7.3266,41.5713,154.3221
Rose Period,Composition  Peasants,1.6222,7.2019,171.6608,366.3429
Rose Period,Dutch girl,1.8209,7.4196,762.8441,816.2117
Rose Period,Dutch landscape with windmills,1.8305,6.9307,35.8872,341.6655
Rose Period,Dutchwoman beside the canal,1.8759,6.0323,42.3258,563.0927
Rose Period,El Tinen,1.8323,7.4997,130.6761,435.0119
Rose Period,Family of acrobats (Jugglers),1.9237,7.7683,1040.0960,1086.6366
Rose Period,Family of acrobats (study),1.8911,7.6563,627.0638,900.2416
Rose Period,Family of Acrobats with Monkey,1.8786,7.5830,1218.9145,1044.2493
Rose Period,Family of acrobats,1.9073,6.5101,88.8715,628.3846
Rose Period,Family of jugglers,1.9345,7.7989,1546.2583,1009.9051
Rose Period,Fernande with shawl,1.8601,7.1236,140.8729,448.4803
Rose Period,Fernande's Head,1.8142,7.1747,132.4448,490.6152
Rose Period,Girl and goat,1.8682,7.3708,332.6041,922.7934
Rose Period,Girl on the ball,1.8614,7.8447,720.4724,1097.4474
Rose Period,Hairdressing,1.8732,7.7027,540.4077,1124.7235
Rose Period,Harlequin on the horseback,1.8224,7.4395,299.3788,457.0954
Rose Period,Harlequin's death,1.9137,7.3939,1136.3793,909.4666
Rose Period,Harlequin's family,1.8346,7.3251,319.0039,516.5413
Rose Period,Harlequin's family_1,1.7249,7.4825,73.7886,221.1456
Rose Period,Harlequin's Head,1.6169,6.9045,68.4333,312.4473
Rose Period,Head of hurdy-gurdy,1.8262,6.9066,49.4023,493.3130
Rose Period,Head of young man,1.7447,6.8264,198.7639,296.1840
Rose Period,Head of young man_1,1.8862,6.9379,138.6299,493.0445
Rose Period,Hurdy-gurdy,1.9069,7.5276,1059.6374,1288.7749
Rose Period,Lovers,1.8953,7.6626,963.5429,879.5074
Rose Period,Madame Soler,1.6221,7.2188,122.5736,316.4300
Rose Period,Madeleine,1.8901,6.5116,206.5975,537.9825
Rose Period,Mallorcan,1.8847,6.8044,208.8677,433.5223
Rose Period,Mother and child (Baladins),1.7689,7.5295,583.4542,426.9370
Rose Period,Mother and child (study),1.8506,7.5795,426.0183,545.3770
Rose Period,Mother and Child_1,1.8766,6.6555,110.3272,693.7833
Rose Period,Nude woman naked face and nude woman profile,1.7384,7.2637,378.9301,413.6568
Rose Period,Nude Youth,1.8442,6.9678,218.3208,392.7503
Rose Period,"Nude, study to Harem",1.9326,5.9930,349.9459,464.1158
Rose Period,Nudes interlaces,1.8963,7.0750,118.1301,582.2555
Rose Period,Peasants,1.8848,6.9610,171.0647,538.9090
Rose Period,Portrait of Allan Stein,1.6837,6.8913,495.1122,310.5273
Rose Period,Portrait of Fernande Olivier in headscarves,1.8702,6.7427,169.7357,693.9217
Rose Period,Portrait of Gertrude Stein,1.6956,7.2561,1388.1600,652.9205
Rose Period,Portrait of Madame Canals,1.8214,7.7391,226.2545,499.4415
Rose Period,Portrait of nude Casagemas,1.8680,5.9811,19.3196,699.2809
Rose Period,Reclining Nude (Fernande),1.9256,7.5215,911.4650,1049.7172
Rose Period,Right profile of clown,1.8316,7.6426,233.0344,406.7765
Rose Period,Salome,1.9012,6.7637,90.2053,836.4436
Rose Period,Seated fat clown,1.8289,7.3937,125.4376,613.4360
Rose Period,Seated female nude_1,1.8174,7.2882,365.4642,492.9847
Rose Period,Seated harlequin,1.4578,6.5815,527.4619,296.1887
Rose Period,Seated monkey,1.8008,7.3447,348.4953,464.5835
Rose Period,Self-Portrait_6,1.8813,7.8445,890.7352,1269.4515
Rose Period,Self-Portrait_7,1.9352,7.2117,266.5622,548.7433
Rose Period,Sleeping nude,1.9446,7.6337,709.6797,1086.6736
Rose Period,Sleeping woman (Meditation),1.8408,7.6911,760.8498,773.1604
Rose Period,Spaniard,1.8388,7.6997,210.3107,593.2643
Rose Period,Standing female nude,1.9161,7.5152,1454.2106,888.8693
Rose Period,Still life with Table,1.8833,6.9290,214.9530,539.2071
Rose Period,Still life with vases,1.7698,7.1611,366.6225,337.1402
Rose Period,Study to Girls from Avignon,1.9358,6.7261,47.9990,354.9396
Rose Period,Teenagers,1.8616,7.5742,576.4388,796.1033
Rose Period,Teenagers_1,1.9187,6.8021,324.3901,486.1289
Rose Period,The bread carrier,1.8458,7.1939,51.9457,660.2736
Rose Period,The Catalan Sculptor Manolo (Manuel Hugué),1.8971,7.7839,1026.8179,863.2979
Rose Period,The fool,1.7907,7.3640,161.2369,386.5232
Rose Period,The fool_1,1.9457,5.9632,54.6573,741.6036
Rose Period,The Harem,1.9205,7.5191,1602.2387,1272.3670
Rose Period,The Mackerel,1.8700,6.6668,72.6920,657.0586
Rose Period,The three dutchwoman,1.8072,7.7732,540.0121,1005.8943
Rose Period,Three nudes,1.8916,7.6556,1276.0121,762.9458
Rose Period,Toilette,1.5735,6.8334,112.3734,273.4948
Rose Period,Toilette_1,1.8758,7.4347,576.4735,1253.3804
Rose Period,Toilette_2,1.8793,6.4036,147.6906,559.7422
Rose Period,Two acrobats with a dog,1.9261,7.6173,938.4040,1126.8190
Rose Period,Two brothers,1.4298,6.6266,274.3611,337.7566
Rose Period,Two figures,1.6383,7.1710,815.7906,660.0698
Rose Period,Two friends_1,1.9357,7.3657,226.7716,855.7100
Rose Period,Two nude women,1.7155,7.5141,157.7146,402.5384
Rose Period,Two nude women_1,1.8688,7.6286,1239.2098,969.1138
Rose Period,Two nude women_2,1.8787,7.1874,271.4984,444.1032
Rose Period,Two nudes and a cat,1.8719,5.9599,61.8636,704.6168
Rose Period,Two roosters,1.9193,5.6254,51.0617,483.3854
Rose Period,Venus and Cupid,1.8721,6.4332,63.4448,566.4977
Rose Period,Woman on a donkey,1.8498,7.4009,260.9348,586.9120
Rose Period,Woman with comb,1.8912,7.9324,1466.5567,933.6674
Rose Period,Woman's profile,1.8869,7.8220,1235.2262,847.2896
Rose Period,Young acrobat and clown,1.8716,7.5331,1206.5487,1045.9076
Rose Period,Young naked girl with flower basket,1.8753,7.6383,2286.7997,1013.2220
